origin,destination,year,month,hour,part_of_day,day_of_week,is_weekend,is_summer,is_holiday,days_before_departure,price
TLV,BER,2025,3,1,5,2,0,0,0,179,205.01
TLV,NYC,2025,3,1,5,2,0,0,0,179,208.03
TLV,BKK,2025,3,2,5,2,0,0,0,179,226.76
TLV,ROM,2025,3,3,6,2,0,0,0,179,224.8
TLV,BCN,2025,3,4,6,2,0,0,0,179,215.94
TLV,BER,2025,3,5,1,2,0,0,0,179,225.08
TLV,BKK,2025,3,9,1,2,0,0,0,179,258.73
TLV,LON,2025,3,9,1,2,0,0,0,179,255.75
TLV,LON,2025,3,10,1,2,0,0,0,179,239.29
TLV,DXB,2025,3,13,2,2,0,0,0,179,221.63
TLV,PAR,2025,3,16,2,2,0,0,0,179,230.11
TLV,BER,2025,3,21,4,2,0,0,0,179,231.36
TLV,BER,2025,3,21,4,2,0,0,0,179,240.98
TLV,ATH,2025,3,3,6,3,0,0,0,178,215.21
TLV,AMS,2025,3,4,6,3,0,0,0,178,240.38
TLV,NYC,2025,3,10,1,3,0,0,0,178,244.8
TLV,NYC,2025,3,12,2,3,0,0,0,178,225.8
TLV,BCN,2025,3,14,2,3,0,0,0,178,228.71
TLV,BCN,2025,3,14,2,3,0,0,0,178,233.8
TLV,ROM,2025,3,16,2,3,0,0,0,178,227.36
TLV,BCN,2025,3,22,4,3,0,0,0,178,217.26
TLV,BKK,2025,3,5,1,4,0,0,0,177,198.49
TLV,AMS,2025,3,6,1,4,0,0,0,177,237.53
TLV,BKK,2025,3,7,1,4,0,0,0,177,239.77
TLV,BCN,2025,3,12,2,4,0,0,0,177,247.97
TLV,BKK,2025,3,16,2,4,0,0,0,177,213.45
TLV,AMS,2025,3,18,3,4,0,0,0,177,260.01
TLV,NYC,2025,3,2,5,5,1,0,0,176,246.74
TLV,BKK,2025,3,5,1,5,1,0,0,176,241.42
TLV,AMS,2025,3,17,3,5,1,0,0,176,274.34
TLV,AMS,2025,3,22,4,5,1,0,0,176,239.25
TLV,AMS,2025,3,2,5,6,1,0,0,175,239.73
TLV,ATH,2025,3,9,1,6,1,0,0,175,257.24
TLV,PAR,2025,3,18,3,6,1,0,0,175,267.05
TLV,DXB,2025,3,20,4,6,1,0,0,175,285.91
TLV,ROM,2025,3,20,4,6,1,0,0,175,275.34
TLV,NYC,2025,3,21,4,6,1,0,0,175,288.74
TLV,BCN,2025,3,23,5,6,1,0,0,175,239.85
TLV,PAR,2025,3,5,1,0,0,0,0,174,235.66
TLV,DXB,2025,3,6,1,0,0,0,0,174,251.89
TLV,ATH,2025,3,7,1,0,0,0,0,174,250.54
TLV,NYC,2025,3,9,1,0,0,0,0,174,266.99
TLV,ATH,2025,3,10,1,0,0,0,0,174,248.96
TLV,DXB,2025,3,10,1,0,0,0,0,174,248.58
TLV,ATH,2025,3,13,2,0,0,0,0,174,223.44
TLV,NYC,2025,3,17,3,0,0,0,0,174,241.69
TLV,AMS,2025,3,23,5,0,0,0,0,174,246.08
TLV,DXB,2025,3,1,5,1,0,0,0,173,242.41
TLV,LON,2025,3,2,5,1,0,0,0,173,209.16
TLV,NYC,2025,3,4,6,1,0,0,0,173,240.16
TLV,ATH,2025,3,9,1,1,0,0,0,173,229.68
TLV,ROM,2025,3,10,1,1,0,0,0,173,249.0
TLV,NYC,2025,3,14,2,1,0,0,0,173,224.79
TLV,AMS,2025,3,16,2,1,0,0,0,173,250.53
TLV,ATH,2025,3,17,3,1,0,0,0,173,240.32
TLV,AMS,2025,3,20,4,1,0,0,0,173,240.27
TLV,PAR,2025,3,21,4,1,0,0,0,173,223.52
TLV,BER,2025,3,3,6,2,0,0,0,172,226.22
TLV,ROM,2025,3,18,3,2,0,0,0,172,222.96
TLV,NYC,2025,3,21,4,2,0,0,0,172,228.54
TLV,BKK,2025,3,22,4,2,0,0,0,172,244.76
TLV,LON,2025,3,5,1,3,0,0,0,171,221.92
TLV,DXB,2025,3,5,1,3,0,0,0,171,227.08
TLV,BCN,2025,3,8,1,3,0,0,0,171,249.27
TLV,BER,2025,3,9,1,3,0,0,0,171,240.42
TLV,NYC,2025,3,10,1,3,0,0,0,171,254.65
TLV,ROM,2025,3,14,2,3,0,0,0,171,226.29
TLV,PAR,2025,3,15,2,3,0,0,0,171,249.7
TLV,ATH,2025,3,21,4,3,0,0,0,171,246.24
TLV,ATH,2025,3,23,5,3,0,0,0,171,226.89
TLV,BKK,2025,3,7,1,4,0,0,0,170,268.16
TLV,BER,2025,3,8,1,4,0,0,0,170,241.31
TLV,ROM,2025,3,9,1,4,0,0,0,170,262.49
TLV,BCN,2025,3,16,2,4,0,0,0,170,257.06
TLV,DXB,2025,3,19,3,4,0,0,0,170,236.87
TLV,LON,2025,3,19,3,4,0,0,0,170,264.16
TLV,PAR,2025,3,20,4,4,0,0,0,170,242.06
TLV,ATH,2025,3,1,5,5,1,0,0,169,234.14
TLV,DXB,2025,3,2,5,5,1,0,0,169,251.28
TLV,NYC,2025,3,4,6,5,1,0,0,169,238.91
TLV,BKK,2025,3,9,1,5,1,0,0,169,292.94
TLV,BKK,2025,3,10,1,5,1,0,0,169,281.49
TLV,LON,2025,3,13,2,5,1,0,0,169,238.48
TLV,ATH,2025,3,15,2,5,1,0,0,169,268.3
TLV,BCN,2025,3,20,4,5,1,0,0,169,270.26
TLV,DXB,2025,3,22,4,5,1,0,0,169,256.56
TLV,BKK,2025,3,5,1,6,1,0,0,168,244.2
TLV,ATH,2025,3,7,1,6,1,0,0,168,249.41
TLV,ATH,2025,3,9,1,6,1,0,0,168,262.6
TLV,PAR,2025,3,13,2,6,1,0,0,168,254.21
TLV,AMS,2025,3,16,2,6,1,0,0,168,264.76
TLV,NYC,2025,3,20,4,6,1,0,0,168,281.3
TLV,NYC,2025,3,21,4,6,1,0,0,168,237.81
TLV,ROM,2025,3,6,1,0,0,0,0,167,256.82
TLV,BER,2025,3,13,2,0,0,0,0,167,253.01
TLV,BCN,2025,3,14,2,0,0,0,0,167,246.45
TLV,PAR,2025,3,18,3,0,0,0,0,167,242.19
TLV,BCN,2025,3,22,4,0,0,0,0,167,252.92
TLV,AMS,2025,3,23,5,0,0,0,0,167,241.83
TLV,BCN,2025,3,4,6,1,0,0,0,166,235.58
TLV,PAR,2025,3,5,1,1,0,0,0,166,222.65
TLV,DXB,2025,3,8,1,1,0,0,0,166,258.32
TLV,ROM,2025,3,15,2,1,0,0,0,166,241.95
TLV,AMS,2025,3,17,3,1,0,0,0,166,217.23
TLV,DXB,2025,3,23,5,1,0,0,0,166,223.77
TLV,PAR,2025,3,1,5,2,0,0,0,165,239.72
TLV,BER,2025,3,2,5,2,0,0,0,165,245.7
TLV,BER,2025,3,5,1,2,0,0,0,165,229.68
TLV,NYC,2025,3,5,1,2,0,0,0,165,218.45
TLV,LON,2025,3,9,1,2,0,0,0,165,261.47
TLV,BKK,2025,3,16,2,2,0,0,0,165,231.27
TLV,AMS,2025,3,21,4,2,0,0,0,165,246.59
TLV,ROM,2025,3,2,5,3,0,0,0,164,218.83
TLV,ATH,2025,3,2,5,3,0,0,0,164,235.3
TLV,PAR,2025,3,4,6,3,0,0,0,164,221.06
TLV,PAR,2025,3,14,2,3,0,0,0,164,225.05
TLV,ROM,2025,3,15,2,3,0,0,0,164,257.23
TLV,LON,2025,3,15,2,3,0,0,0,164,261.18
TLV,DXB,2025,3,19,3,3,0,0,0,164,241.66
TLV,AMS,2025,3,0,5,4,0,0,0,164,227.49
TLV,BKK,2025,3,1,5,4,0,0,0,163,226.25
TLV,ATH,2025,3,4,6,4,0,0,0,163,248.36
TLV,PAR,2025,3,6,1,4,0,0,0,163,259.55
TLV,AMS,2025,3,7,1,4,0,0,0,163,253.98
TLV,AMS,2025,3,10,1,4,0,0,0,163,262.73
TLV,NYC,2025,3,11,1,4,0,0,0,163,234.17
TLV,ATH,2025,3,16,2,4,0,0,0,163,256.74
TLV,ATH,2025,3,19,3,4,0,0,0,163,252.43
TLV,BER,2025,3,20,4,4,0,0,0,163,262.89
TLV,ROM,2025,3,1,5,5,1,0,0,162,267.29
TLV,NYC,2025,3,4,6,5,1,0,0,162,272.53
TLV,DXB,2025,3,9,1,5,1,0,0,162,286.31
TLV,ROM,2025,3,9,1,5,1,0,0,162,272.78
TLV,ROM,2025,3,11,1,5,1,0,0,162,247.34
TLV,BKK,2025,3,19,3,5,1,0,0,162,266.49
TLV,ATH,2025,3,23,5,5,1,0,0,162,252.09
TLV,LON,2025,3,9,1,6,1,0,0,161,267.98
TLV,BER,2025,3,22,4,6,1,0,0,161,283.88
TLV,BKK,2025,3,23,5,6,1,0,0,161,265.18
TLV,LON,2025,3,2,5,0,0,0,0,160,237.91
TLV,NYC,2025,3,10,1,0,0,0,0,160,265.71
TLV,ROM,2025,3,11,1,0,0,0,0,160,259.97
TLV,ATH,2025,3,14,2,0,0,0,0,160,244.01
TLV,LON,2025,3,18,3,0,0,0,0,160,265.46
TLV,DXB,2025,3,18,3,0,0,0,0,160,240.58
TLV,ATH,2025,3,21,4,0,0,0,0,160,238.1
TLV,BKK,2025,3,1,5,1,0,0,0,159,234.97
TLV,BCN,2025,3,8,1,1,0,0,0,159,267.34
TLV,BKK,2025,3,8,1,1,0,0,0,159,251.22
TLV,NYC,2025,3,12,2,1,0,0,0,159,247.11
TLV,ATH,2025,3,12,2,1,0,0,0,159,254.16
TLV,ROM,2025,3,19,3,1,0,0,0,159,241.4
TLV,ATH,2025,3,22,4,1,0,0,0,159,247.11
TLV,ATH,2025,3,0,5,2,0,0,0,159,222.36
TLV,DXB,2025,3,6,1,2,0,0,0,158,237.22
TLV,DXB,2025,3,6,1,2,0,0,0,158,225.68
TLV,BKK,2025,3,8,1,2,0,0,0,158,242.42
TLV,BCN,2025,3,9,1,2,0,0,0,158,259.43
TLV,BKK,2025,3,10,1,2,0,0,0,158,242.34
TLV,LON,2025,3,11,1,2,0,0,0,158,258.14
TLV,BER,2025,3,15,2,2,0,0,0,158,231.46
TLV,NYC,2025,3,16,2,2,0,0,0,158,264.6
TLV,PAR,2025,3,19,3,2,0,0,0,158,237.29
TLV,DXB,2025,3,20,4,2,0,0,0,158,250.53
TLV,PAR,2025,3,21,4,2,0,0,0,158,277.34
TLV,NYC,2025,3,21,4,2,0,0,0,158,253.34
TLV,NYC,2025,3,22,4,2,0,0,0,158,245.86
TLV,ATH,2025,3,1,5,3,0,0,0,157,242.49
TLV,AMS,2025,3,8,1,3,0,0,0,157,278.55
TLV,BER,2025,3,9,1,3,0,0,0,157,260.51
TLV,PAR,2025,3,11,1,3,0,0,0,157,236.73
TLV,PAR,2025,3,17,3,3,0,0,0,157,264.26
TLV,ROM,2025,3,0,5,4,0,0,0,157,234.3
TLV,BCN,2025,3,4,6,4,0,0,0,156,251.39
TLV,PAR,2025,3,7,1,4,0,0,0,156,251.78
TLV,PAR,2025,3,10,1,4,0,0,0,156,277.39
TLV,DXB,2025,3,11,1,4,0,0,0,156,230.98
TLV,NYC,2025,3,17,3,4,0,0,0,156,262.96
TLV,BCN,2025,3,19,3,4,0,0,0,156,274.22
TLV,ATH,2025,3,22,4,4,0,0,0,156,241.35
TLV,BCN,2025,3,22,4,4,0,0,0,156,264.53
TLV,BKK,2025,3,23,5,4,0,0,0,156,233.04
TLV,NYC,2025,3,4,6,5,1,0,0,155,279.76
TLV,AMS,2025,3,7,1,5,1,0,0,155,285.07
TLV,AMS,2025,3,12,2,5,1,0,0,155,276.5
TLV,LON,2025,3,14,2,5,1,0,0,155,270.62
TLV,ATH,2025,3,15,2,5,1,0,0,155,277.65
TLV,BER,2025,3,19,3,5,1,0,0,155,286.18
TLV,ATH,2025,3,0,5,6,1,0,0,155,247.84
TLV,NYC,2025,3,0,5,6,1,0,0,155,248.2
TLV,NYC,2025,3,3,6,6,1,0,0,154,244.23
TLV,BKK,2025,3,6,1,6,1,0,0,154,265.78
TLV,ATH,2025,3,8,1,6,1,0,0,154,290.38
TLV,PAR,2025,3,9,1,6,1,0,0,154,284.44
TLV,LON,2025,3,14,2,6,1,0,0,154,266.61
TLV,PAR,2025,3,16,2,6,1,0,0,154,258.43
TLV,BKK,2025,3,23,5,6,1,0,0,154,262.96
TLV,AMS,2025,3,4,6,0,0,0,0,153,229.51
TLV,LON,2025,3,5,1,0,0,0,0,153,227.59
TLV,LON,2025,3,10,1,0,0,0,0,153,266.84
TLV,ROM,2025,3,11,1,0,0,0,0,153,237.64
TLV,LON,2025,3,14,2,0,0,0,0,153,246.09
TLV,LON,2025,3,21,4,0,0,0,0,153,237.84
TLV,ROM,2025,3,21,4,0,0,0,0,153,245.85
TLV,BER,2025,3,22,4,0,0,0,0,153,268.43
TLV,BER,2025,4,11,1,1,0,0,0,152,260.37
TLV,DXB,2025,4,13,2,1,0,0,0,152,248.77
TLV,BER,2025,4,15,2,1,0,0,0,152,260.58
TLV,ATH,2025,4,18,3,1,0,0,0,152,259.77
TLV,DXB,2025,4,19,3,1,0,0,0,152,263.42
TLV,AMS,2025,4,23,5,1,0,0,0,152,263.66
TLV,NYC,2025,4,1,5,2,0,0,0,151,237.81
TLV,ROM,2025,4,3,6,2,0,0,0,151,260.02
TLV,ROM,2025,4,14,2,2,0,0,0,151,265.67
TLV,BER,2025,4,16,2,2,0,0,0,151,264.96
TLV,AMS,2025,4,20,4,2,0,0,0,151,259.02
TLV,ROM,2025,4,2,5,3,0,0,0,150,239.78
TLV,NYC,2025,4,2,5,3,0,0,0,150,252.1
TLV,LON,2025,4,3,6,3,0,0,0,150,229.25
TLV,PAR,2025,4,8,1,3,0,0,0,150,273.3
TLV,NYC,2025,4,13,2,3,0,0,0,150,270.94
TLV,BER,2025,4,13,2,3,0,0,0,150,267.39
TLV,LON,2025,4,17,3,3,0,0,0,150,256.72
TLV,DXB,2025,4,17,3,3,0,0,0,150,262.11
TLV,BER,2025,4,17,3,3,0,0,0,150,247.58
TLV,DXB,2025,4,19,3,3,0,0,0,150,249.16
TLV,ROM,2025,4,20,4,3,0,0,0,150,253.74
TLV,ROM,2025,4,21,4,3,0,0,0,150,255.42
TLV,BER,2025,4,2,5,4,0,0,0,149,227.78
TLV,BER,2025,4,3,6,4,0,0,0,149,256.15
TLV,ATH,2025,4,6,1,4,0,0,0,149,237.03
TLV,BER,2025,4,8,1,4,0,0,0,149,269.65
TLV,PAR,2025,4,8,1,4,0,0,0,149,268.77
TLV,NYC,2025,4,8,1,4,0,0,0,149,261.89
TLV,ATH,2025,4,12,2,4,0,0,0,149,244.52
TLV,BER,2025,4,18,3,4,0,0,0,149,259.57
TLV,LON,2025,4,20,4,4,0,0,0,149,272.07
TLV,BCN,2025,4,5,1,5,1,0,0,148,270.25
TLV,PAR,2025,4,6,1,5,1,0,0,148,270.09
TLV,NYC,2025,4,9,1,5,1,0,0,148,278.23
TLV,PAR,2025,4,10,1,5,1,0,0,148,286.23
TLV,BCN,2025,4,16,2,5,1,0,0,148,276.27
TLV,AMS,2025,4,18,3,5,1,0,0,148,278.81
TLV,DXB,2025,4,22,4,5,1,0,0,148,268.51
TLV,BCN,2025,4,0,5,6,1,0,0,148,259.13
TLV,ROM,2025,4,1,5,6,1,0,0,147,275.08
TLV,BER,2025,4,2,5,6,1,0,0,147,276.02
TLV,BER,2025,4,6,1,6,1,0,0,147,297.31
TLV,AMS,2025,4,7,1,6,1,0,0,147,287.9
TLV,NYC,2025,4,7,1,6,1,0,0,147,269.92
TLV,BKK,2025,4,10,1,6,1,0,0,147,267.25
TLV,PAR,2025,4,16,2,6,1,0,0,147,287.38
TLV,AMS,2025,4,23,5,6,1,0,0,147,272.53
TLV,DXB,2025,4,0,5,0,0,0,0,147,239.91
TLV,LON,2025,4,1,5,0,0,0,0,146,246.59
TLV,BER,2025,4,3,6,0,0,0,0,146,246.11
TLV,NYC,2025,4,5,1,0,0,0,0,146,249.54
TLV,NYC,2025,4,12,2,0,0,0,0,146,261.01
TLV,BKK,2025,4,12,2,0,0,0,0,146,262.19
TLV,BCN,2025,4,12,2,0,0,0,0,146,279.41
TLV,ATH,2025,4,14,2,0,0,0,0,146,241.45
TLV,BCN,2025,4,21,4,0,0,0,0,146,263.33
TLV,ROM,2025,4,22,4,0,0,0,0,146,250.87
TLV,ROM,2025,4,23,5,0,0,0,0,146,243.77
TLV,PAR,2025,4,6,1,1,0,0,0,145,266.23
TLV,ATH,2025,4,7,1,1,0,0,0,145,267.63
TLV,ROM,2025,4,8,1,1,0,0,0,145,266.48
TLV,NYC,2025,4,9,1,1,0,0,0,145,273.28
TLV,PAR,2025,4,9,1,1,0,0,0,145,284.93
TLV,AMS,2025,4,10,1,1,0,0,0,145,266.52
TLV,NYC,2025,4,11,1,1,0,0,0,145,255.67
TLV,BER,2025,4,14,2,1,0,0,0,145,260.52
TLV,BCN,2025,4,16,2,1,0,0,0,145,250.09
TLV,BCN,2025,4,6,1,2,0,0,0,144,263.27
TLV,ROM,2025,4,9,1,2,0,0,0,144,289.43
TLV,BKK,2025,4,11,1,2,0,0,0,144,255.8
TLV,PAR,2025,4,13,2,2,0,0,0,144,255.9
TLV,BER,2025,4,14,2,2,0,0,0,144,234.07
TLV,BCN,2025,4,20,4,2,0,0,0,144,253.54
TLV,AMS,2025,4,23,5,2,0,0,0,144,259.87
TLV,BCN,2025,4,6,1,3,0,0,0,143,269.37
TLV,BCN,2025,4,8,1,3,0,0,0,143,275.99
TLV,BCN,2025,4,12,2,3,0,0,0,143,260.83
TLV,ATH,2025,4,12,2,3,0,0,0,143,276.77
TLV,AMS,2025,4,14,2,3,0,0,0,143,270.5
TLV,ATH,2025,4,20,4,3,0,0,0,143,273.38
TLV,BKK,2025,4,21,4,3,0,0,0,143,258.69
TLV,ATH,2025,4,22,4,3,0,0,0,143,254.72
TLV,BER,2025,4,22,4,3,0,0,0,143,256.38
TLV,LON,2025,4,4,6,4,0,0,0,142,243.65
TLV,LON,2025,4,6,1,4,0,0,0,142,253.73
TLV,PAR,2025,4,6,1,4,0,0,0,142,265.28
TLV,BKK,2025,4,7,1,4,0,0,0,142,274.45
TLV,ROM,2025,4,11,1,4,0,0,0,142,272.27
TLV,AMS,2025,4,11,1,4,0,0,0,142,272.1
TLV,NYC,2025,4,13,2,4,0,0,0,142,260.94
TLV,PAR,2025,4,14,2,4,0,0,0,142,258.51
TLV,ATH,2025,4,18,3,4,0,0,0,142,276.83
TLV,BER,2025,4,1,5,5,1,0,0,141,275.6
TLV,PAR,2025,4,2,5,5,1,0,0,141,271.33
TLV,DXB,2025,4,5,1,5,1,0,0,141,282.03
TLV,NYC,2025,4,5,1,5,1,0,0,141,273.01
TLV,BCN,2025,4,6,1,5,1,0,0,141,282.99
TLV,PAR,2025,4,7,1,5,1,0,0,141,299.88
TLV,DXB,2025,4,8,1,5,1,0,0,141,281.97
TLV,ATH,2025,4,8,1,5,1,0,0,141,279.97
TLV,ATH,2025,4,10,1,5,1,0,0,141,297.34
TLV,ATH,2025,4,12,2,5,1,0,0,141,282.31
TLV,BCN,2025,4,16,2,5,1,0,0,141,284.3
TLV,BCN,2025,4,21,4,5,1,0,0,141,272.97
TLV,BKK,2025,4,22,4,5,1,0,0,141,280.2
TLV,AMS,2025,4,23,5,5,1,0,0,141,276.54
TLV,AMS,2025,4,0,5,6,1,0,1,141,276.46
TLV,BKK,2025,4,2,5,6,1,0,1,140,263.26
TLV,BER,2025,4,2,5,6,1,0,1,140,279.14
TLV,ATH,2025,4,3,6,6,1,0,1,140,253.15
TLV,LON,2025,4,7,1,6,1,0,1,140,310.02
TLV,NYC,2025,4,10,1,6,1,0,1,140,301.79
TLV,BKK,2025,4,14,2,6,1,0,1,140,254.84
TLV,BKK,2025,4,15,2,6,1,0,1,140,270.16
TLV,ROM,2025,4,17,3,6,1,0,1,140,290.05
TLV,NYC,2025,4,18,3,6,1,0,1,140,282.32
TLV,NYC,2025,4,18,3,6,1,0,1,140,302.87
TLV,NYC,2025,4,18,3,6,1,0,1,140,277.69
TLV,LON,2025,4,19,3,6,1,0,1,140,299.85
TLV,LON,2025,4,20,4,6,1,0,1,140,299.35
TLV,DXB,2025,4,20,4,6,1,0,1,140,292.12
TLV,AMS,2025,4,23,5,6,1,0,1,140,284.06
TLV,BKK,2025,4,23,5,6,1,0,1,140,292.44
TLV,LON,2025,4,3,6,0,0,0,0,139,257.08
TLV,BCN,2025,4,6,1,0,0,0,0,139,243.25
TLV,ROM,2025,4,11,1,0,0,0,0,139,272.05
TLV,NYC,2025,4,14,2,0,0,0,0,139,257.37
TLV,NYC,2025,4,15,2,0,0,0,0,139,251.47
TLV,BER,2025,4,20,4,0,0,0,0,139,265.28
TLV,NYC,2025,4,23,5,0,0,0,0,139,264.71
TLV,NYC,2025,4,0,5,1,0,0,0,139,267.91
TLV,LON,2025,4,0,5,1,0,0,0,139,247.66
TLV,AMS,2025,4,3,6,1,0,0,0,138,242.41
TLV,BER,2025,4,4,6,1,0,0,0,138,261.64
TLV,DXB,2025,4,5,1,1,0,0,0,138,236.25
TLV,NYC,2025,4,7,1,1,0,0,0,138,279.52
TLV,BKK,2025,4,8,1,1,0,0,0,138,271.63
TLV,ATH,2025,4,11,1,1,0,0,0,138,273.25
TLV,NYC,2025,4,23,5,1,0,0,0,138,261.9
TLV,AMS,2025,4,4,6,2,0,0,0,137,240.37
TLV,PAR,2025,4,7,1,2,0,0,0,137,269.45
TLV,PAR,2025,4,7,1,2,0,0,0,137,281.46
TLV,PAR,2025,4,8,1,2,0,0,0,137,263.99
TLV,DXB,2025,4,8,1,2,0,0,0,137,267.85
TLV,LON,2025,4,8,1,2,0,0,0,137,292.7
TLV,NYC,2025,4,13,2,2,0,0,0,137,258.56
TLV,LON,2025,4,20,4,2,0,0,0,137,269.55
TLV,ATH,2025,4,8,1,3,0,0,0,136,281.5
TLV,ROM,2025,4,13,2,3,0,0,0,136,268.53
TLV,BCN,2025,4,18,3,3,0,0,0,136,261.45
TLV,LON,2025,4,3,6,4,0,0,0,135,249.25
TLV,ATH,2025,4,4,6,4,0,0,0,135,241.72
TLV,DXB,2025,4,6,1,4,0,0,0,135,272.3
TLV,BCN,2025,4,6,1,4,0,0,0,135,239.57
TLV,AMS,2025,4,7,1,4,0,0,0,135,300.84
TLV,DXB,2025,4,9,1,4,0,0,0,135,278.7
TLV,BCN,2025,4,10,1,4,0,0,0,135,286.87
TLV,DXB,2025,4,13,2,4,0,0,0,135,272.28
TLV,AMS,2025,4,20,4,4,0,0,0,135,257.58
TLV,PAR,2025,4,21,4,4,0,0,0,135,267.22
TLV,BKK,2025,4,1,5,5,1,0,1,134,289.8
TLV,BKK,2025,4,1,5,5,1,0,1,134,276.9
TLV,PAR,2025,4,2,5,5,1,0,1,134,262.41
TLV,BKK,2025,4,2,5,5,1,0,1,134,246.28
TLV,ATH,2025,4,18,3,5,1,0,1,134,284.56
TLV,ATH,2025,4,3,6,6,1,0,0,133,268.53
TLV,AMS,2025,4,14,2,6,1,0,0,133,278.25
TLV,DXB,2025,4,16,2,6,1,0,0,133,270.8
TLV,BKK,2025,4,18,3,6,1,0,0,133,302.42
TLV,AMS,2025,4,3,6,0,0,0,0,132,248.84
TLV,BCN,2025,4,8,1,0,0,0,0,132,268.57
TLV,AMS,2025,4,8,1,0,0,0,0,132,265.83
TLV,BCN,2025,4,11,1,0,0,0,0,132,252.02
TLV,LON,2025,4,13,2,0,0,0,0,132,275.58
TLV,BER,2025,4,17,3,0,0,0,0,132,265.4
TLV,DXB,2025,4,19,3,0,0,0,0,132,276.72
TLV,BER,2025,4,20,4,0,0,0,0,132,281.86
TLV,NYC,2025,4,22,4,0,0,0,0,132,267.24
TLV,BER,2025,4,2,5,1,0,0,0,131,271.5
TLV,NYC,2025,4,3,6,1,0,0,0,131,263.59
TLV,DXB,2025,4,4,6,1,0,0,0,131,235.92
TLV,ATH,2025,4,8,1,1,0,0,0,131,267.73
TLV,NYC,2025,4,13,2,1,0,0,0,131,251.05
TLV,LON,2025,4,14,2,1,0,0,0,131,274.8
TLV,AMS,2025,4,15,2,1,0,0,0,131,254.99
TLV,ROM,2025,4,17,3,1,0,0,0,131,271.29
TLV,NYC,2025,4,6,1,2,0,0,0,130,268.37
TLV,NYC,2025,4,8,1,2,0,0,0,130,300.52
TLV,AMS,2025,4,8,1,2,0,0,0,130,287.02
TLV,NYC,2025,4,15,2,2,0,0,0,130,288.99
TLV,BCN,2025,4,2,5,3,0,0,0,129,252.49
TLV,BKK,2025,4,5,1,3,0,0,0,129,256.81
TLV,DXB,2025,4,5,1,3,0,0,0,129,258.82
TLV,AMS,2025,4,14,2,3,0,0,0,129,277.73
TLV,NYC,2025,4,17,3,3,0,0,0,129,272.89
TLV,ATH,2025,4,18,3,3,0,0,0,129,287.55
TLV,BKK,2025,4,18,3,3,0,0,0,129,283.71
TLV,ROM,2025,4,16,2,4,0,0,0,128,286.75
TLV,LON,2025,4,19,3,4,0,0,0,128,284.61
TLV,LON,2025,4,19,3,4,0,0,0,128,285.85
TLV,BER,2025,4,19,3,4,0,0,0,128,292.23
TLV,NYC,2025,4,21,4,4,0,0,0,128,252.93
TLV,ROM,2025,4,23,5,4,0,0,0,128,302.79
TLV,BER,2025,4,0,5,5,1,0,0,128,281.24
TLV,ROM,2025,4,2,5,5,1,0,0,127,271.56
TLV,ATH,2025,4,2,5,5,1,0,0,127,295.84
TLV,ATH,2025,4,4,6,5,1,0,0,127,267.56
TLV,PAR,2025,4,4,6,5,1,0,0,127,276.82
TLV,LON,2025,4,4,6,5,1,0,0,127,293.29
TLV,BKK,2025,4,4,6,5,1,0,0,127,283.24
TLV,BER,2025,4,6,1,5,1,0,0,127,294.54
TLV,ATH,2025,4,8,1,5,1,0,0,127,306.75
TLV,BKK,2025,4,14,2,5,1,0,0,127,261.96
TLV,ROM,2025,4,17,3,5,1,0,0,127,300.02
TLV,LON,2025,4,18,3,5,1,0,0,127,313.64
TLV,ROM,2025,4,19,3,5,1,0,0,127,311.74
TLV,PAR,2025,4,21,4,5,1,0,0,127,286.52
TLV,BKK,2025,4,1,5,6,1,0,0,126,282.64
TLV,LON,2025,4,3,6,6,1,0,0,126,276.18
TLV,DXB,2025,4,4,6,6,1,0,0,126,266.38
TLV,AMS,2025,4,7,1,6,1,0,0,126,305.41
TLV,PAR,2025,4,8,1,6,1,0,0,126,319.91
TLV,AMS,2025,4,10,1,6,1,0,0,126,290.62
TLV,NYC,2025,4,13,2,6,1,0,0,126,281.63
TLV,DXB,2025,4,18,3,6,1,0,0,126,280.55
TLV,BKK,2025,4,19,3,6,1,0,0,126,299.33
TLV,BCN,2025,4,0,5,0,0,0,0,126,268.76
TLV,PAR,2025,4,4,6,0,0,0,0,125,257.14
TLV,BKK,2025,4,5,1,0,0,0,0,125,249.06
TLV,NYC,2025,4,8,1,0,0,0,0,125,300.84
TLV,AMS,2025,4,10,1,0,0,0,0,125,303.96
TLV,BCN,2025,4,11,1,0,0,0,0,125,275.16
TLV,BKK,2025,4,12,2,0,0,0,0,125,261.06
TLV,BER,2025,4,15,2,0,0,0,0,125,257.49
TLV,DXB,2025,4,16,2,0,0,0,0,125,274.36
TLV,ROM,2025,4,16,2,0,0,0,0,125,286.27
TLV,BER,2025,4,18,3,0,0,0,0,125,269.24
TLV,ATH,2025,4,22,4,0,0,0,0,125,278.5
TLV,DXB,2025,4,4,6,1,0,0,0,124,236.32
TLV,BER,2025,4,4,6,1,0,0,0,124,237.06
TLV,AMS,2025,4,9,1,1,0,0,0,124,289.61
TLV,ROM,2025,4,11,1,1,0,0,0,124,279.3
TLV,BER,2025,4,12,2,1,0,0,0,124,262.08
TLV,BCN,2025,4,13,2,1,0,0,0,124,270.81
TLV,BKK,2025,4,21,4,1,0,0,0,124,271.77
TLV,PAR,2025,4,22,4,1,0,0,0,124,276.5
TLV,NYC,2025,4,4,6,2,0,0,0,123,242.63
TLV,LON,2025,4,9,1,2,0,0,0,123,273.03
TLV,BKK,2025,4,11,1,2,0,0,0,123,261.15
TLV,ATH,2025,4,14,2,2,0,0,0,123,272.19
TLV,BCN,2025,4,14,2,2,0,0,0,123,283.01
TLV,ROM,2025,4,19,3,2,0,0,0,123,278.34
TLV,BKK,2025,4,19,3,2,0,0,0,123,281.13
TLV,BCN,2025,4,21,4,2,0,0,0,123,294.14
TLV,BER,2025,4,21,4,2,0,0,0,123,261.51
TLV,BER,2025,5,1,5,3,0,0,1,122,256.61
TLV,ROM,2025,5,1,5,3,0,0,1,122,278.5
TLV,AMS,2025,5,12,2,3,0,0,1,122,293.88
TLV,NYC,2025,5,16,2,3,0,0,1,122,293.49
TLV,BER,2025,5,18,3,3,0,0,1,122,258.18
TLV,ROM,2025,5,19,3,3,0,0,1,122,291.56
TLV,BCN,2025,5,19,3,3,0,0,1,122,282.65
TLV,LON,2025,5,20,4,3,0,0,1,122,276.07
TLV,NYC,2025,5,21,4,3,0,0,1,122,260.99
TLV,LON,2025,5,21,4,3,0,0,1,122,291.22
TLV,BER,2025,5,22,4,3,0,0,1,122,295.74
TLV,LON,2025,5,2,5,4,0,0,0,121,286.44
TLV,LON,2025,5,4,6,4,0,0,0,121,281.3
TLV,PAR,2025,5,17,3,4,0,0,0,121,290.28
TLV,BCN,2025,5,17,3,4,0,0,0,121,257.49
TLV,BER,2025,5,2,5,5,1,0,0,120,294.52
TLV,AMS,2025,5,19,3,5,1,0,0,120,295.9
TLV,BCN,2025,5,23,5,5,1,0,0,120,306.13
TLV,ATH,2025,5,1,5,6,1,0,0,119,274.65
TLV,PAR,2025,5,5,1,6,1,0,0,119,271.86
TLV,PAR,2025,5,13,2,6,1,0,0,119,291.29
TLV,ROM,2025,5,18,3,6,1,0,0,119,321.86
TLV,AMS,2025,5,20,4,6,1,0,0,119,300.08
TLV,BER,2025,5,20,4,6,1,0,0,119,320.85
TLV,LON,2025,5,23,5,6,1,0,0,119,303.0
TLV,BER,2025,5,2,5,0,0,0,0,118,263.29
TLV,BER,2025,5,6,1,0,0,0,0,118,288.78
TLV,ATH,2025,5,14,2,0,0,0,0,118,279.28
TLV,LON,2025,5,17,3,0,0,0,0,118,274.19
TLV,BKK,2025,5,20,4,0,0,0,0,118,261.66
TLV,BCN,2025,5,5,1,1,0,0,0,117,276.84
TLV,AMS,2025,5,7,1,1,0,0,0,117,271.37
TLV,BKK,2025,5,7,1,1,0,0,0,117,279.79
TLV,PAR,2025,5,12,2,1,0,0,0,117,272.31
TLV,ATH,2025,5,12,2,1,0,0,0,117,284.22
TLV,ATH,2025,5,12,2,1,0,0,0,117,303.65
TLV,DXB,2025,5,4,6,2,0,0,0,116,249.93
TLV,BER,2025,5,9,1,2,0,0,0,116,298.33
TLV,ATH,2025,5,12,2,2,0,0,0,116,283.44
TLV,ROM,2025,5,13,2,2,0,0,0,116,260.87
TLV,DXB,2025,5,15,2,2,0,0,0,116,237.54
TLV,ATH,2025,5,16,2,2,0,0,0,116,276.48
TLV,DXB,2025,5,17,3,2,0,0,0,116,282.03
TLV,PAR,2025,5,19,3,2,0,0,0,116,283.15
TLV,ROM,2025,5,19,3,2,0,0,0,116,290.55
TLV,AMS,2025,5,4,6,3,0,0,0,115,276.51
TLV,DXB,2025,5,6,1,3,0,0,0,115,275.49
TLV,BKK,2025,5,11,1,3,0,0,0,115,283.45
TLV,NYC,2025,5,19,3,3,0,0,0,115,269.07
TLV,LON,2025,5,0,5,4,0,0,0,115,260.3
TLV,LON,2025,5,0,5,4,0,0,0,115,276.06
TLV,LON,2025,5,7,1,4,0,0,0,114,303.92
TLV,BCN,2025,5,8,1,4,0,0,0,114,310.77
TLV,BKK,2025,5,10,1,4,0,0,0,114,287.12
TLV,LON,2025,5,10,1,4,0,0,0,114,299.78
TLV,ROM,2025,5,11,1,4,0,0,0,114,270.35
TLV,BKK,2025,5,13,2,4,0,0,0,114,283.94
TLV,DXB,2025,5,14,2,4,0,0,0,114,273.39
TLV,PAR,2025,5,14,2,4,0,0,0,114,295.35
TLV,PAR,2025,5,16,2,4,0,0,0,114,297.49
TLV,BCN,2025,5,19,3,4,0,0,0,114,296.0
TLV,BCN,2025,5,21,4,4,0,0,0,114,271.62
TLV,ROM,2025,5,1,5,5,1,0,0,113,274.75
TLV,BKK,2025,5,7,1,5,1,0,0,113,336.07
TLV,LON,2025,5,12,2,5,1,0,0,113,315.34
TLV,PAR,2025,5,13,2,5,1,0,0,113,293.26
TLV,BCN,2025,5,19,3,5,1,0,0,113,315.57
TLV,BER,2025,5,20,4,5,1,0,0,113,324.22
TLV,NYC,2025,5,21,4,5,1,0,0,113,286.28
TLV,BER,2025,5,23,5,5,1,0,0,113,287.5
TLV,PAR,2025,5,11,1,6,1,0,0,112,296.58
TLV,BKK,2025,5,14,2,6,1,0,0,112,325.89
TLV,BCN,2025,5,17,3,6,1,0,0,112,311.08
TLV,BCN,2025,5,17,3,6,1,0,0,112,305.02
TLV,NYC,2025,5,23,5,6,1,0,0,112,282.47
TLV,ROM,2025,5,1,5,0,0,0,0,111,285.48
TLV,BCN,2025,5,3,6,0,0,0,0,111,257.26
TLV,BER,2025,5,4,6,0,0,0,0,111,273.25
TLV,PAR,2025,5,4,6,0,0,0,0,111,270.64
TLV,PAR,2025,5,7,1,0,0,0,0,111,322.08
TLV,LON,2025,5,7,1,0,0,0,0,111,308.15
TLV,ROM,2025,5,8,1,0,0,0,0,111,320.13
TLV,BCN,2025,5,13,2,0,0,0,0,111,275.39
TLV,NYC,2025,5,14,2,0,0,0,0,111,262.77
TLV,ROM,2025,5,14,2,0,0,0,0,111,287.62
TLV,NYC,2025,5,16,2,0,0,0,0,111,299.74
TLV,ATH,2025,5,23,5,0,0,0,0,111,263.74
TLV,AMS,2025,5,7,1,1,0,0,0,110,291.05
TLV,NYC,2025,5,8,1,1,0,0,0,110,285.78
TLV,BCN,2025,5,12,2,1,0,0,0,110,286.3
TLV,BCN,2025,5,17,3,1,0,0,0,110,294.9
TLV,PAR,2025,5,22,4,1,0,0,0,110,256.72
TLV,BCN,2025,5,23,5,1,0,0,0,110,290.49
TLV,AMS,2025,5,0,5,2,0,0,0,110,275.2
TLV,AMS,2025,5,2,5,2,0,0,0,109,261.39
TLV,PAR,2025,5,2,5,2,0,0,0,109,265.17
TLV,ATH,2025,5,2,5,2,0,0,0,109,276.01
TLV,LON,2025,5,5,1,2,0,0,0,109,265.93
TLV,BCN,2025,5,6,1,2,0,0,0,109,296.44
TLV,BCN,2025,5,7,1,2,0,0,0,109,302.03
TLV,BER,2025,5,7,1,2,0,0,0,109,296.19
TLV,BCN,2025,5,10,1,2,0,0,0,109,303.12
TLV,AMS,2025,5,13,2,2,0,0,0,109,284.93
TLV,LON,2025,5,13,2,2,0,0,0,109,281.44
TLV,DXB,2025,5,16,2,2,0,0,0,109,289.68
TLV,BKK,2025,5,0,5,3,0,0,0,109,271.45
TLV,ATH,2025,5,3,6,3,0,0,0,108,274.6
TLV,BKK,2025,5,4,6,3,0,0,0,108,273.98
TLV,BCN,2025,5,5,1,3,0,0,0,108,280.8
TLV,PAR,2025,5,7,1,3,0,0,0,108,298.37
TLV,BER,2025,5,8,1,3,0,0,0,108,280.95
TLV,BCN,2025,5,9,1,3,0,0,0,108,318.95
TLV,ATH,2025,5,11,1,3,0,0,0,108,294.89
TLV,BER,2025,5,12,2,3,0,0,0,108,308.42
TLV,BKK,2025,5,15,2,3,0,0,0,108,298.9
TLV,LON,2025,5,18,3,3,0,0,0,108,293.44
TLV,PAR,2025,5,20,4,3,0,0,0,108,283.83
TLV,BER,2025,5,5,1,4,0,0,0,107,261.61
TLV,ATH,2025,5,5,1,4,0,0,0,107,276.42
TLV,ROM,2025,5,6,1,4,0,0,0,107,293.82
TLV,BKK,2025,5,22,4,4,0,0,0,107,287.28
TLV,AMS,2025,5,1,5,5,1,0,0,106,306.31
TLV,PAR,2025,5,5,1,5,1,0,0,106,298.13
TLV,AMS,2025,5,5,1,5,1,0,0,106,305.32
TLV,PAR,2025,5,7,1,5,1,0,0,106,334.66
TLV,ROM,2025,5,9,1,5,1,0,0,106,323.89
TLV,BER,2025,5,10,1,5,1,0,0,106,324.04
TLV,DXB,2025,5,11,1,5,1,0,0,106,318.72
TLV,ROM,2025,5,19,3,5,1,0,0,106,325.28
TLV,PAR,2025,5,9,1,6,1,0,0,105,308.6
TLV,AMS,2025,5,16,2,6,1,0,0,105,319.9
TLV,ROM,2025,5,16,2,6,1,0,0,105,336.92
TLV,BER,2025,5,18,3,6,1,0,0,105,306.46
TLV,BKK,2025,5,20,4,6,1,0,0,105,314.64
TLV,AMS,2025,5,21,4,6,1,0,0,105,309.22
TLV,BKK,2025,5,2,5,0,0,0,0,104,287.37
TLV,ROM,2025,5,4,6,0,0,0,0,104,272.22
TLV,ATH,2025,5,6,1,0,0,0,0,104,297.54
TLV,PAR,2025,5,9,1,0,0,0,0,104,312.99
TLV,PAR,2025,5,10,1,0,0,0,0,104,315.87
TLV,BCN,2025,5,10,1,0,0,0,0,104,282.93
TLV,ATH,2025,5,16,2,0,0,0,0,104,293.4
TLV,PAR,2025,5,19,3,0,0,0,0,104,278.19
TLV,AMS,2025,5,23,5,0,0,0,0,104,275.55
TLV,BCN,2025,5,23,5,0,0,0,0,104,289.82
TLV,BKK,2025,5,23,5,0,0,0,0,104,273.75
TLV,LON,2025,5,0,5,1,0,0,0,104,253.77
TLV,BER,2025,5,3,6,1,0,0,0,103,292.19
TLV,PAR,2025,5,4,6,1,0,0,0,103,286.92
TLV,DXB,2025,5,4,6,1,0,0,0,103,283.58
TLV,NYC,2025,5,10,1,1,0,0,0,103,294.46
TLV,ATH,2025,5,14,2,1,0,0,0,103,276.44
TLV,ATH,2025,5,17,3,1,0,0,0,103,312.65
TLV,BCN,2025,5,19,3,1,0,0,0,103,297.11
TLV,PAR,2025,5,0,5,2,0,0,0,103,288.61
TLV,ROM,2025,5,4,6,2,0,0,0,102,262.07
TLV,AMS,2025,5,5,1,2,0,0,0,102,267.33
TLV,ROM,2025,5,6,1,2,0,0,0,102,287.78
TLV,DXB,2025,5,7,1,2,0,0,0,102,281.09
TLV,AMS,2025,5,8,1,2,0,0,0,102,309.36
TLV,NYC,2025,5,9,1,2,0,0,0,102,289.9
TLV,ROM,2025,5,15,2,2,0,0,0,102,262.54
TLV,AMS,2025,5,17,3,2,0,0,0,102,303.89
TLV,LON,2025,5,20,4,2,0,0,0,102,314.59
TLV,PAR,2025,5,3,6,3,0,0,0,101,278.64
TLV,BKK,2025,5,15,2,3,0,0,0,101,283.77
TLV,DXB,2025,5,15,2,3,0,0,0,101,278.02
TLV,DXB,2025,5,23,5,3,0,0,0,101,322.8
TLV,PAR,2025,5,23,5,3,0,0,0,101,284.37
TLV,BKK,2025,5,3,6,4,0,0,0,100,280.08
TLV,LON,2025,5,5,1,4,0,0,0,100,261.51
TLV,DXB,2025,5,10,1,4,0,0,0,100,299.83
TLV,PAR,2025,5,10,1,4,0,0,0,100,307.37
TLV,ROM,2025,5,12,2,4,0,0,0,100,285.04
TLV,BKK,2025,5,17,3,4,0,0,0,100,292.59
TLV,ATH,2025,5,18,3,4,0,0,0,100,304.52
TLV,AMS,2025,5,21,4,4,0,0,0,100,301.59
TLV,NYC,2025,5,0,5,5,1,0,0,100,303.79
TLV,PAR,2025,5,5,1,5,1,0,0,99,308.47
TLV,AMS,2025,5,7,1,5,1,0,0,99,329.39
TLV,ROM,2025,5,10,1,5,1,0,0,99,329.75
TLV,BKK,2025,5,11,1,5,1,0,0,99,305.12
TLV,LON,2025,5,11,1,5,1,0,0,99,315.17
TLV,ATH,2025,5,13,2,5,1,0,0,99,333.06
TLV,BKK,2025,5,0,5,6,1,0,0,99,312.86
TLV,AMS,2025,5,5,1,6,1,0,0,98,318.03
TLV,BKK,2025,5,11,1,6,1,0,0,98,327.94
TLV,ROM,2025,5,11,1,6,1,0,0,98,311.09
TLV,LON,2025,5,14,2,6,1,0,0,98,300.36
TLV,BCN,2025,5,15,2,6,1,0,0,98,305.25
TLV,DXB,2025,5,0,5,0,0,0,0,98,292.15
TLV,PAR,2025,5,1,5,0,0,0,0,97,274.59
TLV,BER,2025,5,1,5,0,0,0,0,97,279.82
TLV,NYC,2025,5,2,5,0,0,0,0,97,296.83
TLV,BER,2025,5,7,1,0,0,0,0,97,315.99
TLV,ATH,2025,5,8,1,0,0,0,0,97,325.42
TLV,ATH,2025,5,9,1,0,0,0,0,97,321.56
TLV,AMS,2025,5,12,2,0,0,0,0,97,283.36
TLV,PAR,2025,5,13,2,0,0,0,0,97,286.6
TLV,LON,2025,5,13,2,0,0,0,0,97,298.78
TLV,BER,2025,5,14,2,0,0,0,0,97,265.7
TLV,AMS,2025,5,16,2,0,0,0,0,97,319.72
TLV,ATH,2025,5,17,3,0,0,0,0,97,296.52
TLV,BCN,2025,5,18,3,0,0,0,0,97,307.19
TLV,DXB,2025,5,21,4,0,0,0,0,97,287.94
TLV,PAR,2025,5,22,4,0,0,0,0,97,296.05
TLV,AMS,2025,5,1,5,1,0,0,0,96,271.18
TLV,AMS,2025,5,2,5,1,0,0,0,96,276.74
TLV,PAR,2025,5,4,6,1,0,0,0,96,285.21
TLV,NYC,2025,5,4,6,1,0,0,0,96,273.35
TLV,NYC,2025,5,5,1,1,0,0,0,96,305.63
TLV,ROM,2025,5,6,1,1,0,0,0,96,302.86
TLV,ATH,2025,5,8,1,1,0,0,0,96,316.15
TLV,LON,2025,5,20,4,1,0,0,0,96,296.08
TLV,PAR,2025,5,21,4,1,0,0,0,96,290.86
TLV,ROM,2025,5,1,5,2,0,0,0,95,288.62
TLV,BER,2025,5,10,1,2,0,0,0,95,306.91
TLV,BKK,2025,5,11,1,2,0,0,0,95,297.43
TLV,ATH,2025,5,14,2,2,0,0,0,95,290.56
TLV,BCN,2025,5,16,2,2,0,0,0,95,295.87
TLV,BCN,2025,5,17,3,2,0,0,0,95,295.62
TLV,NYC,2025,5,19,3,2,0,0,0,95,282.43
TLV,LON,2025,5,22,4,2,0,0,0,95,293.23
TLV,ATH,2025,5,22,4,2,0,0,0,95,300.07
TLV,PAR,2025,5,23,5,2,0,0,0,95,285.25
TLV,PAR,2025,5,0,5,3,0,0,0,95,287.92
TLV,LON,2025,5,1,5,3,0,0,0,94,283.05
TLV,NYC,2025,5,1,5,3,0,0,0,94,299.5
TLV,NYC,2025,5,3,6,3,0,0,0,94,278.63
TLV,ROM,2025,5,6,1,3,0,0,0,94,270.28
TLV,BER,2025,5,7,1,3,0,0,0,94,325.31
TLV,ATH,2025,5,8,1,3,0,0,0,94,327.95
TLV,ROM,2025,5,8,1,3,0,0,0,94,322.98
TLV,ATH,2025,5,9,1,3,0,0,0,94,302.7
TLV,BCN,2025,5,10,1,3,0,0,0,94,309.76
TLV,BCN,2025,5,11,1,3,0,0,0,94,295.98
TLV,NYC,2025,5,14,2,3,0,0,0,94,279.41
TLV,DXB,2025,5,15,2,3,0,0,0,94,297.6
TLV,BER,2025,5,16,2,3,0,0,0,94,299.77
TLV,PAR,2025,5,16,2,3,0,0,0,94,313.35
TLV,LON,2025,5,18,3,3,0,0,0,94,303.33
TLV,PAR,2025,5,20,4,3,0,0,0,94,305.36
TLV,ROM,2025,5,21,4,3,0,0,0,94,297.62
TLV,NYC,2025,5,22,4,3,0,0,0,94,295.02
TLV,BCN,2025,5,0,5,4,0,0,0,94,277.71
TLV,BER,2025,5,1,5,4,0,0,0,93,312.51
TLV,BCN,2025,5,1,5,4,0,0,0,93,309.23
TLV,ROM,2025,5,6,1,4,0,0,0,93,315.76
TLV,LON,2025,5,7,1,4,0,0,0,93,319.16
TLV,ATH,2025,5,10,1,4,0,0,0,93,298.83
TLV,BER,2025,5,11,1,4,0,0,0,93,305.29
TLV,AMS,2025,5,12,2,4,0,0,0,93,312.41
TLV,AMS,2025,5,15,2,4,0,0,0,93,283.74
TLV,BKK,2025,5,17,3,4,0,0,0,93,289.95
TLV,BCN,2025,5,17,3,4,0,0,0,93,311.63
TLV,BER,2025,5,18,3,4,0,0,0,93,327.94
TLV,PAR,2025,5,20,4,4,0,0,0,93,300.46
TLV,ATH,2025,5,1,5,5,1,0,0,92,313.33
TLV,LON,2025,5,17,3,5,1,0,0,92,324.95
TLV,AMS,2025,5,18,3,5,1,0,0,92,310.15
TLV,ATH,2025,5,20,4,5,1,0,0,92,322.77
TLV,ROM,2025,5,21,4,5,1,0,0,92,321.95
TLV,ROM,2025,6,1,5,6,1,1,0,91,331.2
TLV,AMS,2025,6,4,6,6,1,1,0,91,339.02
TLV,DXB,2025,6,8,1,6,1,1,0,91,356.13
TLV,NYC,2025,6,10,1,6,1,1,0,91,350.55
TLV,BER,2025,6,10,1,6,1,1,0,91,363.1
TLV,BKK,2025,6,13,2,6,1,1,0,91,345.7
TLV,BCN,2025,6,16,2,6,1,1,0,91,366.58
TLV,ROM,2025,6,17,3,6,1,1,0,91,368.18
TLV,BER,2025,6,22,4,6,1,1,0,91,344.82
TLV,BCN,2025,6,0,5,0,0,1,1,91,291.57
TLV,BKK,2025,6,3,6,0,0,1,1,90,302.19
TLV,BCN,2025,6,5,1,0,0,1,1,90,309.06
TLV,NYC,2025,6,7,1,0,0,1,1,90,320.5
TLV,LON,2025,6,7,1,0,0,1,1,90,360.46
TLV,BCN,2025,6,11,1,0,0,1,1,90,332.45
TLV,AMS,2025,6,14,2,0,0,1,1,90,331.35
TLV,BKK,2025,6,15,2,0,0,1,1,90,285.1
TLV,NYC,2025,6,16,2,0,0,1,1,90,322.78
TLV,ATH,2025,6,20,4,0,0,1,1,90,356.23
TLV,AMS,2025,6,20,4,0,0,1,1,90,341.46
TLV,AMS,2025,6,22,4,0,0,1,1,90,308.75
TLV,BER,2025,6,0,5,1,0,1,0,90,307.59
TLV,PAR,2025,6,1,5,1,0,1,0,89,326.18
TLV,ROM,2025,6,2,5,1,0,1,0,89,318.43
TLV,BCN,2025,6,5,1,1,0,1,0,89,331.27
TLV,ROM,2025,6,9,1,1,0,1,0,89,332.32
TLV,ATH,2025,6,9,1,1,0,1,0,89,364.02
TLV,PAR,2025,6,15,2,1,0,1,0,89,316.29
TLV,NYC,2025,6,20,4,1,0,1,0,89,349.12
TLV,BKK,2025,6,4,6,2,0,1,0,88,314.9
TLV,DXB,2025,6,6,1,2,0,1,0,88,334.78
TLV,BKK,2025,6,8,1,2,0,1,0,88,356.29
TLV,BER,2025,6,9,1,2,0,1,0,88,338.73
TLV,BKK,2025,6,14,2,2,0,1,0,88,336.32
TLV,LON,2025,6,16,2,2,0,1,0,88,308.12
TLV,BER,2025,6,19,3,2,0,1,0,88,338.95
TLV,BER,2025,6,19,3,2,0,1,0,88,343.98
TLV,AMS,2025,6,20,4,2,0,1,0,88,332.39
TLV,BER,2025,6,20,4,2,0,1,0,88,328.89
TLV,DXB,2025,6,21,4,2,0,1,0,88,319.73
TLV,DXB,2025,6,4,6,3,0,1,0,87,321.46
TLV,BER,2025,6,6,1,3,0,1,0,87,311.04
TLV,LON,2025,6,11,1,3,0,1,0,87,341.71
TLV,BKK,2025,6,2,5,4,0,1,0,86,314.29
TLV,BCN,2025,6,5,1,4,0,1,0,86,322.92
TLV,BCN,2025,6,9,1,4,0,1,0,86,333.22
TLV,DXB,2025,6,11,1,4,0,1,0,86,317.49
TLV,AMS,2025,6,21,4,4,0,1,0,86,319.97
TLV,PAR,2025,6,23,5,4,0,1,0,86,335.25
TLV,ROM,2025,6,23,5,4,0,1,0,86,340.32
TLV,NYC,2025,6,5,1,5,1,1,0,85,356.22
TLV,ATH,2025,6,6,1,5,1,1,0,85,347.7
TLV,ATH,2025,6,9,1,5,1,1,0,85,357.92
TLV,DXB,2025,6,9,1,5,1,1,0,85,372.27
TLV,AMS,2025,6,9,1,5,1,1,0,85,361.52
TLV,BER,2025,6,14,2,5,1,1,0,85,341.92
TLV,BCN,2025,6,22,4,5,1,1,0,85,361.93
TLV,BER,2025,6,22,4,5,1,1,0,85,358.35
TLV,BKK,2025,6,6,1,6,1,1,0,84,344.28
TLV,ROM,2025,6,14,2,6,1,1,0,84,341.91
TLV,ROM,2025,6,16,2,6,1,1,0,84,338.41
TLV,ROM,2025,6,20,4,6,1,1,0,84,366.76
TLV,BKK,2025,6,18,3,0,0,1,0,83,349.39
TLV,ATH,2025,6,20,4,0,0,1,0,83,338.68
TLV,AMS,2025,6,22,4,0,0,1,0,83,313.79
TLV,BKK,2025,6,23,5,0,0,1,0,83,311.19
TLV,AMS,2025,6,23,5,0,0,1,0,83,318.24
TLV,ROM,2025,6,4,6,1,0,1,0,82,324.98
TLV,BCN,2025,6,7,1,1,0,1,0,82,343.88
TLV,AMS,2025,6,8,1,1,0,1,0,82,356.77
TLV,BCN,2025,6,12,2,1,0,1,0,82,337.43
TLV,PAR,2025,6,15,2,1,0,1,0,82,317.17
TLV,BCN,2025,6,15,2,1,0,1,0,82,347.84
TLV,LON,2025,6,21,4,1,0,1,0,82,334.95
TLV,DXB,2025,6,0,5,2,0,1,0,82,335.86
TLV,ATH,2025,6,1,5,2,0,1,0,81,302.61
TLV,BCN,2025,6,4,6,2,0,1,0,81,307.6
TLV,BKK,2025,6,8,1,2,0,1,0,81,326.41
TLV,PAR,2025,6,10,1,2,0,1,0,81,355.5
TLV,DXB,2025,6,11,1,2,0,1,0,81,334.5
TLV,LON,2025,6,13,2,2,0,1,0,81,339.35
TLV,ROM,2025,6,16,2,2,0,1,0,81,316.61
TLV,LON,2025,6,19,3,2,0,1,0,81,339.91
TLV,ATH,2025,6,0,5,3,0,1,0,81,333.02
TLV,DXB,2025,6,0,5,3,0,1,0,81,314.2
TLV,DXB,2025,6,6,1,3,0,1,0,80,313.93
TLV,AMS,2025,6,6,1,3,0,1,0,80,328.99
TLV,PAR,2025,6,7,1,3,0,1,0,80,355.54
TLV,BKK,2025,6,9,1,3,0,1,0,80,334.99
TLV,LON,2025,6,10,1,3,0,1,0,80,349.63
TLV,PAR,2025,6,15,2,3,0,1,0,80,311.0
TLV,DXB,2025,6,17,3,3,0,1,0,80,350.41
TLV,BKK,2025,6,20,4,3,0,1,0,80,332.56
TLV,LON,2025,6,21,4,3,0,1,0,80,343.41
TLV,DXB,2025,6,3,6,4,0,1,0,79,308.85
TLV,AMS,2025,6,19,3,4,0,1,0,79,342.53
TLV,BKK,2025,6,21,4,4,0,1,0,79,329.76
TLV,LON,2025,6,0,5,5,1,1,0,79,346.83
TLV,LON,2025,6,3,6,5,1,1,0,78,362.58
TLV,ROM,2025,6,4,6,5,1,1,0,78,333.6
TLV,PAR,2025,6,6,1,5,1,1,0,78,351.08
TLV,LON,2025,6,9,1,5,1,1,0,78,360.25
TLV,BCN,2025,6,9,1,5,1,1,0,78,369.26
TLV,BER,2025,6,11,1,5,1,1,0,78,360.87
TLV,NYC,2025,6,19,3,5,1,1,0,78,380.85
TLV,BKK,2025,6,20,4,5,1,1,0,78,346.16
TLV,AMS,2025,6,0,5,6,1,1,0,78,346.09
TLV,ROM,2025,6,1,5,6,1,1,0,77,340.67
TLV,BCN,2025,6,6,1,6,1,1,0,77,361.86
TLV,BCN,2025,6,7,1,6,1,1,0,77,381.49
TLV,BER,2025,6,13,2,6,1,1,0,77,363.03
TLV,AMS,2025,6,18,3,6,1,1,0,77,376.54
TLV,NYC,2025,6,21,4,6,1,1,0,77,357.23
TLV,BKK,2025,6,0,5,0,0,1,0,77,322.92
TLV,DXB,2025,6,7,1,0,0,1,0,76,331.18
TLV,ATH,2025,6,10,1,0,0,1,0,76,341.61
TLV,ATH,2025,6,10,1,0,0,1,0,76,355.47
TLV,DXB,2025,6,13,2,0,0,1,0,76,331.77
TLV,PAR,2025,6,17,3,0,0,1,0,76,332.9
TLV,BKK,2025,6,18,3,0,0,1,0,76,323.58
TLV,LON,2025,6,19,3,0,0,1,0,76,348.52
TLV,BER,2025,6,6,1,1,0,1,0,75,346.2
TLV,BKK,2025,6,8,1,1,0,1,0,75,361.69
TLV,PAR,2025,6,10,1,1,0,1,0,75,365.0
TLV,BER,2025,6,11,1,1,0,1,0,75,340.92
TLV,AMS,2025,6,12,2,1,0,1,0,75,339.12
TLV,BER,2025,6,15,2,1,0,1,0,75,322.08
TLV,BER,2025,6,18,3,1,0,1,0,75,343.39
TLV,BCN,2025,6,4,6,2,0,1,0,74,307.8
TLV,NYC,2025,6,17,3,2,0,1,0,74,336.33
TLV,DXB,2025,6,18,3,2,0,1,0,74,349.27
TLV,AMS,2025,6,19,3,2,0,1,0,74,357.32
TLV,ROM,2025,6,21,4,2,0,1,0,74,330.16
TLV,AMS,2025,6,2,5,3,0,1,0,73,337.3
TLV,LON,2025,6,7,1,3,0,1,0,73,349.85
TLV,DXB,2025,6,9,1,3,0,1,0,73,366.23
TLV,BCN,2025,6,12,2,3,0,1,0,73,343.5
TLV,NYC,2025,6,13,2,3,0,1,0,73,341.17
TLV,DXB,2025,6,14,2,3,0,1,0,73,328.3
TLV,ATH,2025,6,16,2,3,0,1,0,73,349.17
TLV,NYC,2025,6,19,3,3,0,1,0,73,361.96
TLV,BER,2025,6,21,4,3,0,1,0,73,329.82
TLV,LON,2025,6,0,5,4,0,1,0,73,307.67
TLV,BER,2025,6,5,1,4,0,1,0,72,334.55
TLV,BCN,2025,6,22,4,4,0,1,0,72,334.63
TLV,BKK,2025,6,1,5,5,1,1,0,71,356.65
TLV,ATH,2025,6,1,5,5,1,1,0,71,341.1
TLV,BER,2025,6,3,6,5,1,1,0,71,361.63
TLV,ROM,2025,6,5,1,5,1,1,0,71,342.01
TLV,DXB,2025,6,5,1,5,1,1,0,71,382.42
TLV,NYC,2025,6,7,1,5,1,1,0,71,380.4
TLV,PAR,2025,6,12,2,5,1,1,0,71,372.64
TLV,LON,2025,6,20,4,5,1,1,0,71,366.78
TLV,LON,2025,6,21,4,5,1,1,0,71,365.99
TLV,BCN,2025,6,0,5,6,1,1,0,71,330.82
TLV,BER,2025,6,5,1,6,1,1,0,70,333.88
TLV,BCN,2025,6,8,1,6,1,1,0,70,384.57
TLV,LON,2025,6,9,1,6,1,1,0,70,377.57
TLV,BCN,2025,6,9,1,6,1,1,0,70,396.06
TLV,ROM,2025,6,10,1,6,1,1,0,70,388.65
TLV,DXB,2025,6,16,2,6,1,1,0,70,347.35
TLV,PAR,2025,6,19,3,6,1,1,0,70,366.45
TLV,AMS,2025,6,23,5,6,1,1,0,70,377.42
TLV,AMS,2025,6,5,1,0,0,1,0,69,336.63
TLV,LON,2025,6,17,3,0,0,1,0,69,345.13
TLV,BER,2025,6,20,4,0,0,1,0,69,358.53
TLV,BKK,2025,6,20,4,0,0,1,0,69,367.64
TLV,LON,2025,6,3,6,1,0,1,0,68,344.66
TLV,BKK,2025,6,10,1,1,0,1,0,68,351.21
TLV,BKK,2025,6,11,1,1,0,1,0,68,338.16
TLV,DXB,2025,6,15,2,1,0,1,0,68,338.98
TLV,BKK,2025,6,17,3,1,0,1,0,68,354.76
TLV,AMS,2025,6,17,3,1,0,1,0,68,344.21
TLV,DXB,2025,6,18,3,1,0,1,0,68,363.62
TLV,ROM,2025,6,2,5,2,0,1,0,67,334.85
TLV,DXB,2025,6,5,1,2,0,1,0,67,339.85
TLV,BKK,2025,6,7,1,2,0,1,0,67,340.1
TLV,BKK,2025,6,13,2,2,0,1,0,67,356.1
TLV,PAR,2025,6,15,2,2,0,1,0,67,356.06
TLV,AMS,2025,6,20,4,2,0,1,0,67,369.56
TLV,BER,2025,6,20,4,2,0,1,0,67,349.78
TLV,BER,2025,6,21,4,2,0,1,0,67,350.1
TLV,ATH,2025,6,23,5,2,0,1,0,67,339.2
TLV,BCN,2025,6,0,5,3,0,1,0,67,343.07
TLV,DXB,2025,6,1,5,3,0,1,0,66,340.26
TLV,ATH,2025,6,5,1,3,0,1,0,66,321.06
TLV,NYC,2025,6,7,1,3,0,1,0,66,362.23
TLV,AMS,2025,6,8,1,3,0,1,0,66,349.95
TLV,DXB,2025,6,12,2,3,0,1,0,66,336.24
TLV,DXB,2025,6,17,3,3,0,1,0,66,352.91
TLV,BCN,2025,6,18,3,3,0,1,0,66,346.33
TLV,NYC,2025,6,19,3,3,0,1,0,66,356.8
TLV,BCN,2025,6,21,4,3,0,1,0,66,351.02
TLV,BKK,2025,6,22,4,3,0,1,0,66,356.53
TLV,ROM,2025,6,22,4,3,0,1,0,66,327.44
TLV,BKK,2025,6,23,5,3,0,1,0,66,337.59
TLV,AMS,2025,6,0,5,4,0,1,0,66,355.4
TLV,PAR,2025,6,1,5,4,0,1,0,65,341.51
TLV,PAR,2025,6,2,5,4,0,1,0,65,347.16
TLV,LON,2025,6,3,6,4,0,1,0,65,317.35
TLV,AMS,2025,6,8,1,4,0,1,0,65,376.65
TLV,ROM,2025,6,9,1,4,0,1,0,65,365.2
TLV,NYC,2025,6,9,1,4,0,1,0,65,360.93
TLV,AMS,2025,6,11,1,4,0,1,0,65,341.72
TLV,BCN,2025,6,16,2,4,0,1,0,65,338.26
TLV,NYC,2025,6,20,4,4,0,1,0,65,355.53
TLV,PAR,2025,6,1,5,5,1,1,0,64,357.35
TLV,LON,2025,6,2,5,5,1,1,0,64,357.61
TLV,DXB,2025,6,6,1,5,1,1,0,64,379.78
TLV,BER,2025,6,8,1,5,1,1,0,64,374.29
TLV,DXB,2025,6,8,1,5,1,1,0,64,363.8
TLV,BER,2025,6,9,1,5,1,1,0,64,392.01
TLV,NYC,2025,6,13,2,5,1,1,0,64,378.44
TLV,ATH,2025,6,14,2,5,1,1,0,64,366.86
TLV,BKK,2025,6,14,2,5,1,1,0,64,366.33
TLV,DXB,2025,6,17,3,5,1,1,0,64,373.39
TLV,BCN,2025,6,19,3,5,1,1,0,64,343.58
TLV,ROM,2025,6,19,3,5,1,1,0,64,401.04
TLV,PAR,2025,6,19,3,5,1,1,0,64,370.13
TLV,BCN,2025,6,22,4,5,1,1,0,64,375.52
TLV,AMS,2025,6,23,5,5,1,1,0,64,377.98
TLV,AMS,2025,6,2,5,6,1,1,0,63,360.91
TLV,LON,2025,6,6,1,6,1,1,0,63,378.46
TLV,ATH,2025,6,13,2,6,1,1,0,63,365.43
TLV,LON,2025,6,16,2,6,1,1,0,63,379.99
TLV,ROM,2025,6,22,4,6,1,1,0,63,376.39
TLV,PAR,2025,6,22,4,6,1,1,0,63,356.57
TLV,ATH,2025,6,0,5,0,0,1,0,63,335.21
TLV,BKK,2025,6,0,5,0,0,1,0,63,335.56
TLV,BCN,2025,6,3,6,0,0,1,0,62,354.11
TLV,LON,2025,6,3,6,0,0,1,0,62,330.28
TLV,DXB,2025,6,6,1,0,0,1,0,62,354.89
TLV,NYC,2025,6,8,1,0,0,1,0,62,352.46
TLV,AMS,2025,6,16,2,0,0,1,0,62,339.48
TLV,AMS,2025,6,16,2,0,0,1,0,62,349.84
TLV,BER,2025,6,23,5,0,0,1,0,62,344.51
TLV,PAR,2025,7,0,5,1,0,1,0,62,335.27
TLV,BER,2025,7,0,5,1,0,1,0,62,325.55
TLV,NYC,2025,7,6,1,1,0,1,0,61,371.42
TLV,NYC,2025,7,7,1,1,0,1,0,61,374.58
TLV,NYC,2025,7,12,2,1,0,1,0,61,378.86
TLV,BCN,2025,7,16,2,1,0,1,0,61,339.12
TLV,LON,2025,7,17,3,1,0,1,0,61,372.81
TLV,BER,2025,7,17,3,1,0,1,0,61,350.84
TLV,ROM,2025,7,21,4,1,0,1,0,61,339.62
TLV,NYC,2025,7,22,4,1,0,1,0,61,362.09
TLV,BCN,2025,7,5,1,2,0,1,0,60,341.66
TLV,ROM,2025,7,10,1,2,0,1,0,60,368.84
TLV,LON,2025,7,13,2,2,0,1,0,60,380.61
TLV,BCN,2025,7,14,2,2,0,1,0,60,336.74
TLV,NYC,2025,7,15,2,2,0,1,0,60,350.58
TLV,PAR,2025,7,16,2,2,0,1,0,60,342.85
TLV,BER,2025,7,22,4,2,0,1,0,60,345.01
TLV,ROM,2025,7,8,1,3,0,1,0,59,348.86
TLV,PAR,2025,7,11,1,3,0,1,0,59,318.28
TLV,PAR,2025,7,11,1,3,0,1,0,59,350.61
TLV,ATH,2025,7,16,2,3,0,1,0,59,349.57
TLV,BER,2025,7,16,2,3,0,1,0,59,346.73
TLV,ATH,2025,7,18,3,3,0,1,0,59,345.81
TLV,BCN,2025,7,21,4,3,0,1,0,59,359.32
TLV,NYC,2025,7,21,4,3,0,1,0,59,344.63
TLV,LON,2025,7,0,5,4,0,1,0,59,339.98
TLV,DXB,2025,7,7,1,4,0,1,0,58,384.35
TLV,PAR,2025,7,8,1,4,0,1,0,58,354.7
TLV,NYC,2025,7,10,1,4,0,1,0,58,348.87
TLV,ROM,2025,7,10,1,4,0,1,0,58,368.08
TLV,BER,2025,7,15,2,4,0,1,0,58,336.73
TLV,DXB,2025,7,15,2,4,0,1,0,58,356.23
TLV,BKK,2025,7,15,2,4,0,1,0,58,338.87
TLV,NYC,2025,7,16,2,4,0,1,0,58,320.62
TLV,BKK,2025,7,19,3,4,0,1,0,58,346.85
TLV,BER,2025,7,0,5,5,1,1,0,58,347.36
TLV,AMS,2025,7,2,5,5,1,1,0,57,347.81
TLV,ROM,2025,7,3,6,5,1,1,0,57,352.8
TLV,PAR,2025,7,5,1,5,1,1,0,57,368.6
TLV,NYC,2025,7,7,1,5,1,1,0,57,385.57
TLV,ROM,2025,7,8,1,5,1,1,0,57,376.9
TLV,AMS,2025,7,10,1,5,1,1,0,57,412.1
TLV,NYC,2025,7,10,1,5,1,1,0,57,390.48
TLV,LON,2025,7,18,3,5,1,1,0,57,366.39
TLV,ROM,2025,7,19,3,5,1,1,0,57,376.35
TLV,BER,2025,7,22,4,5,1,1,0,57,379.52
TLV,DXB,2025,7,1,5,6,1,1,0,56,368.19
TLV,DXB,2025,7,4,6,6,1,1,0,56,361.65
TLV,LON,2025,7,4,6,6,1,1,0,56,346.07
TLV,BKK,2025,7,6,1,6,1,1,0,56,385.81
TLV,BER,2025,7,6,1,6,1,1,0,56,351.44
TLV,PAR,2025,7,7,1,6,1,1,0,56,380.86
TLV,PAR,2025,7,9,1,6,1,1,0,56,411.0
TLV,BER,2025,7,13,2,6,1,1,0,56,349.18
TLV,PAR,2025,7,15,2,6,1,1,0,56,360.52
TLV,AMS,2025,7,17,3,6,1,1,0,56,385.4
TLV,ATH,2025,7,19,3,6,1,1,0,56,378.14
TLV,LON,2025,7,23,5,6,1,1,0,56,358.57
TLV,AMS,2025,7,0,5,0,0,1,0,56,326.97
TLV,ATH,2025,7,3,6,0,0,1,0,55,333.53
TLV,DXB,2025,7,6,1,0,0,1,0,55,355.21
TLV,ROM,2025,7,7,1,0,0,1,0,55,361.95
TLV,AMS,2025,7,17,3,0,0,1,0,55,350.78
TLV,BER,2025,7,18,3,0,0,1,0,55,363.0
TLV,BCN,2025,7,23,5,0,0,1,0,55,346.64
TLV,BCN,2025,7,4,6,1,0,1,0,54,372.0
TLV,ROM,2025,7,5,1,1,0,1,0,54,329.59
TLV,NYC,2025,7,5,1,1,0,1,0,54,335.84
TLV,NYC,2025,7,9,1,1,0,1,0,54,378.44
TLV,ATH,2025,7,19,3,1,0,1,0,54,390.43
TLV,ATH,2025,7,20,4,1,0,1,0,54,359.94
TLV,PAR,2025,7,4,6,2,0,1,0,53,333.72
TLV,PAR,2025,7,6,1,2,0,1,0,53,355.28
TLV,PAR,2025,7,7,1,2,0,1,0,53,362.04
TLV,AMS,2025,7,13,2,2,0,1,0,53,359.58
TLV,LON,2025,7,17,3,2,0,1,0,53,371.31
TLV,BKK,2025,7,18,3,2,0,1,0,53,358.36
TLV,BER,2025,7,3,6,3,0,1,0,52,345.88
TLV,ATH,2025,7,4,6,3,0,1,0,52,339.45
TLV,AMS,2025,7,6,1,3,0,1,0,52,364.76
TLV,ATH,2025,7,6,1,3,0,1,0,52,341.19
TLV,AMS,2025,7,8,1,3,0,1,0,52,380.11
TLV,AMS,2025,7,8,1,3,0,1,0,52,369.86
TLV,NYC,2025,7,9,1,3,0,1,0,52,380.3
TLV,NYC,2025,7,11,1,3,0,1,0,52,351.87
TLV,ATH,2025,7,12,2,3,0,1,0,52,354.91
TLV,BER,2025,7,19,3,3,0,1,0,52,357.84
TLV,LON,2025,7,19,3,3,0,1,0,52,374.29
TLV,ATH,2025,7,20,4,3,0,1,0,52,373.33
TLV,NYC,2025,7,21,4,3,0,1,0,52,361.37
TLV,LON,2025,7,0,5,4,0,1,0,52,359.8
TLV,DXB,2025,7,0,5,4,0,1,0,52,349.71
TLV,DXB,2025,7,1,5,4,0,1,0,51,361.02
TLV,BCN,2025,7,7,1,4,0,1,0,51,365.17
TLV,ROM,2025,7,9,1,4,0,1,0,51,375.98
TLV,BER,2025,7,14,2,4,0,1,0,51,334.46
TLV,BER,2025,7,15,2,4,0,1,0,51,354.66
TLV,NYC,2025,7,20,4,4,0,1,0,51,376.32
TLV,LON,2025,7,21,4,4,0,1,0,51,364.09
TLV,NYC,2025,7,3,6,5,1,1,0,50,338.08
TLV,BER,2025,7,8,1,5,1,1,0,50,392.18
TLV,LON,2025,7,8,1,5,1,1,0,50,404.43
TLV,BKK,2025,7,8,1,5,1,1,0,50,376.09
TLV,DXB,2025,7,12,2,5,1,1,0,50,360.87
TLV,BER,2025,7,14,2,5,1,1,0,50,371.91
TLV,DXB,2025,7,15,2,5,1,1,0,50,400.41
TLV,LON,2025,7,15,2,5,1,1,0,50,394.32
TLV,BER,2025,7,19,3,5,1,1,0,50,394.86
TLV,BKK,2025,7,21,4,5,1,1,0,50,372.47
TLV,NYC,2025,7,21,4,5,1,1,0,50,389.53
TLV,AMS,2025,7,21,4,5,1,1,0,50,374.55
TLV,DXB,2025,7,22,4,5,1,1,0,50,395.24
TLV,ATH,2025,7,0,5,6,1,1,0,50,372.07
TLV,PAR,2025,7,0,5,6,1,1,0,50,375.34
TLV,BER,2025,7,2,5,6,1,1,0,49,355.64
TLV,AMS,2025,7,4,6,6,1,1,0,49,389.63
TLV,BER,2025,7,16,2,6,1,1,0,49,375.56
TLV,BCN,2025,7,20,4,6,1,1,0,49,395.49
TLV,NYC,2025,7,21,4,6,1,1,0,49,372.2
TLV,DXB,2025,7,0,5,0,0,1,0,49,346.8
TLV,BKK,2025,7,2,5,0,0,1,0,48,343.33
TLV,BCN,2025,7,3,6,0,0,1,0,48,343.41
TLV,PAR,2025,7,8,1,0,0,1,0,48,376.3
TLV,LON,2025,7,8,1,0,0,1,0,48,356.3
TLV,PAR,2025,7,8,1,0,0,1,0,48,367.91
TLV,NYC,2025,7,11,1,0,0,1,0,48,351.95
TLV,BER,2025,7,11,1,0,0,1,0,48,385.94
TLV,BER,2025,7,12,2,0,0,1,0,48,356.0
TLV,PAR,2025,7,13,2,0,0,1,0,48,349.04
TLV,LON,2025,7,13,2,0,0,1,0,48,354.54
TLV,PAR,2025,7,16,2,0,0,1,0,48,369.34
TLV,LON,2025,7,2,5,1,0,1,0,47,327.37
TLV,NYC,2025,7,2,5,1,0,1,0,47,351.2
TLV,ATH,2025,7,2,5,1,0,1,0,47,363.0
TLV,AMS,2025,7,3,6,1,0,1,0,47,365.84
TLV,BCN,2025,7,6,1,1,0,1,0,47,358.85
TLV,NYC,2025,7,7,1,1,0,1,0,47,386.35
TLV,AMS,2025,7,9,1,1,0,1,0,47,371.93
TLV,BKK,2025,7,9,1,1,0,1,0,47,378.13
TLV,ROM,2025,7,10,1,1,0,1,0,47,358.1
TLV,PAR,2025,7,12,2,1,0,1,0,47,358.62
TLV,ROM,2025,7,15,2,1,0,1,0,47,359.79
TLV,AMS,2025,7,18,3,1,0,1,0,47,347.01
TLV,BKK,2025,7,22,4,1,0,1,0,47,384.37
TLV,LON,2025,7,23,5,1,0,1,0,47,349.59
TLV,ROM,2025,7,23,5,1,0,1,0,47,352.29
TLV,BCN,2025,7,23,5,1,0,1,0,47,356.54
TLV,LON,2025,7,0,5,2,0,1,0,47,380.24
TLV,LON,2025,7,9,1,2,0,1,0,46,389.37
TLV,NYC,2025,7,10,1,2,0,1,0,46,384.27
TLV,BCN,2025,7,13,2,2,0,1,0,46,352.08
TLV,ROM,2025,7,20,4,2,0,1,0,46,346.37
TLV,ATH,2025,7,20,4,2,0,1,0,46,357.14
TLV,ATH,2025,7,0,5,3,0,1,0,46,353.6
TLV,ATH,2025,7,3,6,3,0,1,0,45,350.92
TLV,NYC,2025,7,6,1,3,0,1,0,45,370.97
TLV,ATH,2025,7,7,1,3,0,1,0,45,367.88
TLV,BCN,2025,7,8,1,3,0,1,0,45,351.22
TLV,ATH,2025,7,12,2,3,0,1,0,45,365.56
TLV,DXB,2025,7,12,2,3,0,1,0,45,366.3
TLV,DXB,2025,7,17,3,3,0,1,0,45,378.18
TLV,ROM,2025,7,18,3,3,0,1,0,45,361.34
TLV,BER,2025,7,20,4,3,0,1,0,45,358.53
TLV,BCN,2025,7,23,5,3,0,1,0,45,358.13
TLV,BKK,2025,7,1,5,4,0,1,0,44,344.71
TLV,BKK,2025,7,2,5,4,0,1,0,44,340.56
TLV,BKK,2025,7,11,1,4,0,1,0,44,354.09
TLV,LON,2025,7,15,2,4,0,1,0,44,362.38
TLV,AMS,2025,7,21,4,4,0,1,0,44,361.08
TLV,DXB,2025,7,2,5,5,1,1,0,43,373.78
TLV,ATH,2025,7,2,5,5,1,1,0,43,383.72
TLV,PAR,2025,7,3,6,5,1,1,0,43,376.4
TLV,LON,2025,7,8,1,5,1,1,0,43,390.63
TLV,ROM,2025,7,14,2,5,1,1,0,43,383.29
TLV,PAR,2025,7,16,2,5,1,1,0,43,394.94
TLV,BCN,2025,7,17,3,5,1,1,0,43,384.03
TLV,ATH,2025,7,17,3,5,1,1,0,43,401.65
TLV,AMS,2025,7,19,3,5,1,1,0,43,404.2
TLV,AMS,2025,7,20,4,5,1,1,0,43,390.85
TLV,BER,2025,7,23,5,5,1,1,0,43,396.54
TLV,PAR,2025,7,5,1,6,1,1,0,42,375.4
TLV,LON,2025,7,6,1,6,1,1,0,42,376.27
TLV,ROM,2025,7,6,1,6,1,1,0,42,377.65
TLV,ROM,2025,7,12,2,6,1,1,0,42,382.65
TLV,AMS,2025,7,13,2,6,1,1,0,42,386.42
TLV,NYC,2025,7,14,2,6,1,1,0,42,371.47
TLV,ROM,2025,7,16,2,6,1,1,0,42,387.36
TLV,LON,2025,7,22,4,6,1,1,0,42,403.95
TLV,LON,2025,7,2,5,0,0,1,0,41,345.28
TLV,LON,2025,7,12,2,0,0,1,0,41,388.54
TLV,LON,2025,7,12,2,0,0,1,0,41,364.0
TLV,DXB,2025,7,13,2,0,0,1,0,41,370.44
TLV,AMS,2025,7,15,2,0,0,1,0,41,343.56
TLV,AMS,2025,7,17,3,0,0,1,0,41,350.56
TLV,ATH,2025,7,18,3,0,0,1,0,41,387.23
TLV,ATH,2025,7,23,5,0,0,1,0,41,372.59
TLV,AMS,2025,7,6,1,1,0,1,0,40,361.45
TLV,BKK,2025,7,6,1,1,0,1,0,40,384.23
TLV,ROM,2025,7,7,1,1,0,1,0,40,378.18
TLV,ROM,2025,7,8,1,1,0,1,0,40,368.87
TLV,AMS,2025,7,9,1,1,0,1,0,40,394.58
TLV,ATH,2025,7,12,2,1,0,1,0,40,365.19
TLV,BCN,2025,7,18,3,1,0,1,0,40,369.26
TLV,LON,2025,7,20,4,1,0,1,0,40,354.14
TLV,BER,2025,7,20,4,1,0,1,0,40,388.76
TLV,BKK,2025,7,23,5,1,0,1,0,40,338.02
TLV,BKK,2025,7,3,6,2,0,1,0,39,360.93
TLV,DXB,2025,7,7,1,2,0,1,0,39,376.42
TLV,NYC,2025,7,8,1,2,0,1,0,39,373.61
TLV,ATH,2025,7,9,1,2,0,1,0,39,370.32
TLV,PAR,2025,7,9,1,2,0,1,0,39,393.28
TLV,NYC,2025,7,13,2,2,0,1,0,39,369.12
TLV,ROM,2025,7,14,2,2,0,1,0,39,352.07
TLV,ROM,2025,7,14,2,2,0,1,0,39,367.69
TLV,ATH,2025,7,16,2,2,0,1,0,39,371.14
TLV,BKK,2025,7,16,2,2,0,1,0,39,365.14
TLV,LON,2025,7,20,4,2,0,1,0,39,348.73
TLV,AMS,2025,7,1,5,3,0,1,0,38,345.23
TLV,PAR,2025,7,1,5,3,0,1,0,38,371.83
TLV,AMS,2025,7,3,6,3,0,1,0,38,356.33
TLV,AMS,2025,7,5,1,3,0,1,0,38,350.98
TLV,LON,2025,7,5,1,3,0,1,0,38,358.18
TLV,BKK,2025,7,7,1,3,0,1,0,38,377.04
TLV,AMS,2025,7,10,1,3,0,1,0,38,374.42
TLV,ATH,2025,7,13,2,3,0,1,0,38,365.58
TLV,DXB,2025,7,17,3,3,0,1,0,38,362.9
TLV,BCN,2025,7,7,1,4,0,1,0,37,394.08
TLV,ATH,2025,7,9,1,4,0,1,0,37,393.04
TLV,ATH,2025,7,11,1,4,0,1,0,37,365.16
TLV,LON,2025,7,12,2,4,0,1,0,37,358.41
TLV,PAR,2025,7,13,2,4,0,1,0,37,380.33
TLV,PAR,2025,7,19,3,4,0,1,0,37,358.87
TLV,DXB,2025,7,22,4,4,0,1,0,37,361.18
TLV,ROM,2025,7,22,4,4,0,1,0,37,374.7
TLV,AMS,2025,7,0,5,5,1,1,0,37,371.14
TLV,ROM,2025,7,0,5,5,1,1,0,37,363.33
TLV,NYC,2025,7,4,6,5,1,1,0,36,386.72
TLV,NYC,2025,7,8,1,5,1,1,0,36,424.14
TLV,ATH,2025,7,8,1,5,1,1,0,36,408.09
TLV,BKK,2025,7,12,2,5,1,1,0,36,391.04
TLV,ROM,2025,7,12,2,5,1,1,0,36,357.5
TLV,PAR,2025,7,13,2,5,1,1,0,36,382.45
TLV,BCN,2025,7,13,2,5,1,1,0,36,385.36
TLV,PAR,2025,7,14,2,5,1,1,0,36,383.81
TLV,DXB,2025,7,16,2,5,1,1,0,36,380.36
TLV,BCN,2025,7,17,3,5,1,1,0,36,421.47
TLV,ROM,2025,7,19,3,5,1,1,0,36,379.56
TLV,AMS,2025,7,20,4,5,1,1,0,36,404.28
TLV,PAR,2025,7,21,4,5,1,1,0,36,382.34
TLV,ATH,2025,7,21,4,5,1,1,0,36,378.15
TLV,PAR,2025,7,1,5,6,1,1,0,35,386.01
TLV,NYC,2025,7,5,1,6,1,1,0,35,372.29
TLV,NYC,2025,7,5,1,6,1,1,0,35,374.24
TLV,BER,2025,7,6,1,6,1,1,0,35,400.09
TLV,PAR,2025,7,9,1,6,1,1,0,35,419.48
TLV,AMS,2025,7,10,1,6,1,1,0,35,404.07
TLV,AMS,2025,7,16,2,6,1,1,0,35,374.39
TLV,BCN,2025,7,16,2,6,1,1,0,35,380.52
TLV,PAR,2025,7,18,3,6,1,1,0,35,392.24
TLV,ATH,2025,7,20,4,6,1,1,0,35,399.26
TLV,BKK,2025,7,6,1,0,0,1,0,34,344.69
TLV,ATH,2025,7,6,1,0,0,1,0,34,361.78
TLV,AMS,2025,7,10,1,0,0,1,0,34,364.37
TLV,DXB,2025,7,15,2,0,0,1,0,34,369.92
TLV,BCN,2025,7,16,2,0,0,1,0,34,372.86
TLV,PAR,2025,7,18,3,0,0,1,0,34,360.9
TLV,BKK,2025,7,20,4,0,0,1,0,34,370.12
TLV,DXB,2025,7,22,4,0,0,1,0,34,372.79
TLV,BCN,2025,7,2,5,1,0,1,0,33,358.76
TLV,BCN,2025,7,3,6,1,0,1,0,33,354.04
TLV,LON,2025,7,4,6,1,0,1,0,33,368.43
TLV,NYC,2025,7,6,1,1,0,1,0,33,375.97
TLV,PAR,2025,7,7,1,1,0,1,0,33,372.65
TLV,NYC,2025,7,7,1,1,0,1,0,33,377.49
TLV,AMS,2025,7,8,1,1,0,1,0,33,377.22
TLV,ROM,2025,7,10,1,1,0,1,0,33,399.02
TLV,PAR,2025,7,13,2,1,0,1,0,33,354.86
TLV,PAR,2025,7,17,3,1,0,1,0,33,381.44
TLV,LON,2025,7,18,3,1,0,1,0,33,363.79
TLV,PAR,2025,7,22,4,1,0,1,0,33,377.9
TLV,NYC,2025,7,2,5,2,0,1,0,32,346.16
TLV,NYC,2025,7,2,5,2,0,1,0,32,347.74
TLV,BCN,2025,7,3,6,2,0,1,0,32,352.61
TLV,NYC,2025,7,5,1,2,0,1,0,32,375.46
TLV,NYC,2025,7,18,3,2,0,1,0,32,386.15
TLV,BKK,2025,7,21,4,2,0,1,0,32,368.61
TLV,NYC,2025,7,1,5,3,0,1,0,31,379.47
TLV,ROM,2025,7,4,6,3,0,1,0,31,361.41
TLV,BKK,2025,7,9,1,3,0,1,0,31,355.53
TLV,PAR,2025,7,9,1,3,0,1,0,31,386.22
TLV,BER,2025,7,12,2,3,0,1,0,31,363.85
TLV,BER,2025,7,14,2,3,0,1,0,31,367.9
TLV,BER,2025,7,16,2,3,0,1,0,31,364.71
TLV,DXB,2025,7,17,3,3,0,1,0,31,376.17
TLV,ATH,2025,7,20,4,3,0,1,0,31,373.77
TLV,ROM,2025,8,1,5,4,0,1,0,30,359.76
TLV,ATH,2025,8,1,5,4,0,1,0,30,368.41
TLV,NYC,2025,8,3,6,4,0,1,0,30,374.2
TLV,BER,2025,8,5,1,4,0,1,0,30,363.45
TLV,ROM,2025,8,6,1,4,0,1,0,30,373.5
TLV,ROM,2025,8,8,1,4,0,1,0,30,404.95
TLV,PAR,2025,8,11,1,4,0,1,0,30,377.09
TLV,BER,2025,8,15,2,4,0,1,0,30,366.21
TLV,BCN,2025,8,18,3,4,0,1,0,30,374.85
TLV,LON,2025,8,19,3,4,0,1,0,30,389.92
TLV,DXB,2025,8,20,4,4,0,1,0,30,407.24
TLV,DXB,2025,8,21,4,4,0,1,0,30,392.69
TLV,AMS,2025,8,22,4,4,0,1,0,30,398.97
TLV,LON,2025,8,0,5,5,1,1,0,30,384.37
TLV,AMS,2025,8,2,5,5,1,1,0,29,396.58
TLV,DXB,2025,8,9,1,5,1,1,0,29,417.74
TLV,BCN,2025,8,10,1,5,1,1,0,29,423.48
TLV,ROM,2025,8,23,5,5,1,1,0,29,382.81
TLV,NYC,2025,8,3,6,6,1,1,0,28,385.22
TLV,LON,2025,8,3,6,6,1,1,0,28,385.87
TLV,AMS,2025,8,5,1,6,1,1,0,28,390.45
TLV,BER,2025,8,9,1,6,1,1,0,28,408.54
TLV,NYC,2025,8,12,2,6,1,1,0,28,392.27
TLV,ROM,2025,8,12,2,6,1,1,0,28,385.59
TLV,PAR,2025,8,13,2,6,1,1,0,28,366.63
TLV,PAR,2025,8,14,2,6,1,1,0,28,411.4
TLV,BER,2025,8,16,2,6,1,1,0,28,402.68
TLV,ATH,2025,8,18,3,6,1,1,0,28,409.92
TLV,ATH,2025,8,19,3,6,1,1,0,28,408.67
TLV,BCN,2025,8,19,3,6,1,1,0,28,402.8
TLV,BCN,2025,8,20,4,6,1,1,0,28,398.14
TLV,PAR,2025,8,21,4,6,1,1,0,28,394.1
TLV,LON,2025,8,15,2,0,0,1,0,27,393.49
TLV,BCN,2025,8,17,3,0,0,1,0,27,378.82
TLV,BER,2025,8,0,5,1,0,1,0,27,357.18
TLV,NYC,2025,8,3,6,1,0,1,0,26,375.92
TLV,AMS,2025,8,3,6,1,0,1,0,26,343.99
TLV,BKK,2025,8,4,6,1,0,1,0,26,359.25
TLV,DXB,2025,8,5,1,1,0,1,0,26,360.65
TLV,LON,2025,8,9,1,1,0,1,0,26,402.21
TLV,DXB,2025,8,15,2,1,0,1,0,26,375.3
TLV,DXB,2025,8,23,5,1,0,1,0,26,381.8
TLV,AMS,2025,8,0,5,2,0,1,0,26,346.68
TLV,BKK,2025,8,5,1,2,0,1,0,25,373.4
TLV,NYC,2025,8,6,1,2,0,1,0,25,379.82
TLV,ATH,2025,8,13,2,2,0,1,0,25,387.16
TLV,AMS,2025,8,17,3,2,0,1,0,25,384.81
TLV,NYC,2025,8,18,3,2,0,1,0,25,388.32
TLV,AMS,2025,8,23,5,2,0,1,0,25,371.84
TLV,PAR,2025,8,23,5,2,0,1,0,25,367.53
TLV,PAR,2025,8,23,5,2,0,1,0,25,378.98
TLV,LON,2025,8,3,6,3,0,1,0,24,349.0
TLV,BER,2025,8,6,1,3,0,1,0,24,390.85
TLV,AMS,2025,8,10,1,3,0,1,0,24,413.22
TLV,PAR,2025,8,15,2,3,0,1,0,24,382.65
TLV,PAR,2025,8,16,2,3,0,1,0,24,371.38
TLV,AMS,2025,8,18,3,3,0,1,0,24,389.14
TLV,BKK,2025,8,21,4,3,0,1,0,24,364.15
TLV,NYC,2025,8,23,5,3,0,1,0,24,374.64
TLV,DXB,2025,8,0,5,4,0,1,0,24,365.8
TLV,BER,2025,8,2,5,4,0,1,0,23,358.85
TLV,ATH,2025,8,3,6,4,0,1,0,23,359.09
TLV,AMS,2025,8,4,6,4,0,1,0,23,354.56
TLV,PAR,2025,8,12,2,4,0,1,0,23,383.94
TLV,BCN,2025,8,16,2,4,0,1,0,23,376.54
TLV,BCN,2025,8,18,3,4,0,1,0,23,402.15
TLV,DXB,2025,8,18,3,4,0,1,0,23,390.82
TLV,ROM,2025,8,19,3,4,0,1,0,23,396.04
TLV,LON,2025,8,22,4,4,0,1,0,23,384.03
TLV,ATH,2025,8,1,5,5,1,1,0,22,380.85
TLV,BER,2025,8,4,6,5,1,1,0,22,398.79
TLV,AMS,2025,8,7,1,5,1,1,0,22,412.81
TLV,LON,2025,8,8,1,5,1,1,0,22,428.13
TLV,NYC,2025,8,9,1,5,1,1,0,22,420.99
TLV,LON,2025,8,10,1,5,1,1,0,22,404.46
TLV,AMS,2025,8,10,1,5,1,1,0,22,438.05
TLV,ROM,2025,8,20,4,5,1,1,0,22,438.73
TLV,AMS,2025,8,23,5,5,1,1,0,22,410.89
TLV,PAR,2025,8,5,1,6,1,1,0,21,376.88
TLV,BER,2025,8,6,1,6,1,1,0,21,391.3
TLV,BER,2025,8,6,1,6,1,1,0,21,384.58
TLV,ROM,2025,8,12,2,6,1,1,0,21,393.09
TLV,BER,2025,8,18,3,6,1,1,0,21,402.88
TLV,AMS,2025,8,19,3,6,1,1,0,21,414.03
TLV,AMS,2025,8,20,4,6,1,1,0,21,409.41
TLV,DXB,2025,8,22,4,6,1,1,0,21,414.61
TLV,BCN,2025,8,2,5,0,0,1,0,20,362.75
TLV,LON,2025,8,7,1,0,0,1,0,20,394.12
TLV,PAR,2025,8,0,5,1,0,1,0,20,389.57
TLV,DXB,2025,8,3,6,1,0,1,0,19,367.35
TLV,BCN,2025,8,5,1,1,0,1,0,19,374.48
TLV,DXB,2025,8,7,1,1,0,1,0,19,382.13
TLV,PAR,2025,8,10,1,1,0,1,0,19,391.22
TLV,BKK,2025,8,10,1,1,0,1,0,19,413.02
TLV,ROM,2025,8,11,1,1,0,1,0,19,393.77
TLV,NYC,2025,8,13,2,1,0,1,0,19,376.09
TLV,ATH,2025,8,14,2,1,0,1,0,19,369.78
TLV,LON,2025,8,20,4,1,0,1,0,19,409.68
TLV,DXB,2025,8,23,5,1,0,1,0,19,383.06
TLV,LON,2025,8,12,2,2,0,1,0,18,393.28
TLV,BCN,2025,8,20,4,2,0,1,0,18,382.06
TLV,PAR,2025,8,0,5,3,0,1,0,18,374.12
TLV,BCN,2025,8,2,5,3,0,1,0,17,397.18
TLV,ATH,2025,8,6,1,3,0,1,0,17,362.22
TLV,BKK,2025,8,11,1,3,0,1,0,17,377.47
TLV,ATH,2025,8,12,2,3,0,1,0,17,391.81
TLV,BKK,2025,8,14,2,3,0,1,0,17,384.59
TLV,BER,2025,8,23,5,3,0,1,0,17,368.22
TLV,BKK,2025,8,1,5,4,0,1,0,16,385.31
TLV,LON,2025,8,8,1,4,0,1,0,16,411.42
TLV,DXB,2025,8,11,1,4,0,1,0,16,377.03
TLV,ATH,2025,8,12,2,4,0,1,0,16,357.36
TLV,BKK,2025,8,13,2,4,0,1,0,16,380.63
TLV,ROM,2025,8,16,2,4,0,1,0,16,387.58
TLV,NYC,2025,8,18,3,4,0,1,0,16,384.92
TLV,DXB,2025,8,7,1,5,1,1,0,15,403.0
TLV,BER,2025,8,16,2,5,1,1,0,15,422.0
TLV,LON,2025,8,17,3,5,1,1,0,15,422.84
TLV,BKK,2025,8,23,5,5,1,1,0,15,384.19
TLV,BER,2025,8,2,5,6,1,1,0,14,393.29
TLV,NYC,2025,8,3,6,6,1,1,0,14,412.19
TLV,PAR,2025,8,5,1,6,1,1,0,14,392.93
TLV,ATH,2025,8,9,1,6,1,1,0,14,440.77
TLV,LON,2025,8,12,2,6,1,1,0,14,403.29
TLV,AMS,2025,8,14,2,6,1,1,0,14,404.11
TLV,BKK,2025,8,21,4,6,1,1,0,14,424.11
TLV,ROM,2025,8,23,5,6,1,1,0,14,393.7
TLV,ROM,2025,8,3,6,0,0,1,0,13,372.27
TLV,ROM,2025,8,6,1,0,0,1,0,13,382.67
TLV,BKK,2025,8,7,1,0,0,1,0,13,382.64
TLV,BKK,2025,8,9,1,0,0,1,0,13,420.18
TLV,NYC,2025,8,9,1,0,0,1,0,13,387.78
TLV,LON,2025,8,14,2,0,0,1,0,13,407.42
TLV,LON,2025,8,15,2,0,0,1,0,13,396.44
TLV,DXB,2025,8,16,2,0,0,1,0,13,385.52
TLV,BER,2025,8,16,2,0,0,1,0,13,400.88
TLV,NYC,2025,8,21,4,0,0,1,0,13,382.42
TLV,BER,2025,8,23,5,0,0,1,0,13,388.51
TLV,BKK,2025,8,1,5,1,0,1,0,12,364.04
TLV,PAR,2025,8,6,1,1,0,1,0,12,368.34
TLV,BCN,2025,8,6,1,1,0,1,0,12,353.41
TLV,AMS,2025,8,10,1,1,0,1,0,12,384.77
TLV,AMS,2025,8,13,2,1,0,1,0,12,368.76
TLV,BCN,2025,8,15,2,1,0,1,0,12,400.65
TLV,BCN,2025,8,18,3,1,0,1,0,12,401.54
TLV,BCN,2025,8,19,3,1,0,1,0,12,385.22
TLV,DXB,2025,8,21,4,1,0,1,0,12,391.31
TLV,BKK,2025,8,1,5,2,0,1,0,11,352.23
TLV,BER,2025,8,1,5,2,0,1,0,11,372.21
TLV,LON,2025,8,4,6,2,0,1,0,11,374.93
TLV,ATH,2025,8,10,1,2,0,1,0,11,386.73
TLV,PAR,2025,8,12,2,2,0,1,0,11,390.27
TLV,DXB,2025,8,13,2,2,0,1,0,11,373.97
TLV,LON,2025,8,20,4,2,0,1,0,11,392.03
TLV,LON,2025,8,1,5,3,0,1,0,10,380.88
TLV,DXB,2025,8,5,1,3,0,1,0,10,377.15
TLV,BKK,2025,8,6,1,3,0,1,0,10,374.85
TLV,ATH,2025,8,8,1,3,0,1,0,10,400.76
TLV,BCN,2025,8,11,1,3,0,1,0,10,385.51
TLV,PAR,2025,8,12,2,3,0,1,0,10,371.86
TLV,PAR,2025,8,13,2,3,0,1,0,10,396.04
TLV,DXB,2025,8,14,2,3,0,1,0,10,380.56
TLV,PAR,2025,8,23,5,3,0,1,0,10,380.62
TLV,ATH,2025,8,10,1,4,0,1,0,9,399.12
TLV,AMS,2025,8,10,1,4,0,1,0,9,385.56
TLV,AMS,2025,8,17,3,4,0,1,0,9,426.05
TLV,BER,2025,8,2,5,5,1,1,0,8,406.22
TLV,LON,2025,8,3,6,5,1,1,0,8,397.89
TLV,AMS,2025,8,3,6,5,1,1,0,8,398.02
TLV,ATH,2025,8,5,1,5,1,1,0,8,421.56
TLV,BCN,2025,8,7,1,5,1,1,0,8,422.7
TLV,BKK,2025,8,11,1,5,1,1,0,8,417.08
TLV,DXB,2025,8,12,2,5,1,1,0,8,413.47
TLV,AMS,2025,8,13,2,5,1,1,0,8,403.09
TLV,PAR,2025,8,16,2,5,1,1,0,8,414.81
TLV,ATH,2025,8,16,2,5,1,1,0,8,429.01
TLV,AMS,2025,8,19,3,5,1,1,0,8,412.11
TLV,PAR,2025,8,20,4,5,1,1,0,8,401.86
TLV,PAR,2025,8,20,4,5,1,1,0,8,411.3
TLV,ATH,2025,8,2,5,6,1,1,0,7,403.67
TLV,AMS,2025,8,3,6,6,1,1,0,7,394.97
TLV,BER,2025,8,4,6,6,1,1,0,7,420.78
TLV,BER,2025,8,5,1,6,1,1,0,7,376.02
TLV,DXB,2025,8,6,1,6,1,1,0,7,385.72
TLV,ROM,2025,8,7,1,6,1,1,0,7,410.6
TLV,DXB,2025,8,8,1,6,1,1,0,7,410.99
TLV,AMS,2025,8,10,1,6,1,1,0,7,436.61
TLV,ATH,2025,8,14,2,6,1,1,0,7,428.04
TLV,BER,2025,8,15,2,6,1,1,0,7,417.3
TLV,NYC,2025,8,18,3,6,1,1,0,7,408.47
TLV,BKK,2025,8,18,3,6,1,1,0,7,404.59
TLV,ROM,2025,8,18,3,6,1,1,0,7,426.85
TLV,AMS,2025,8,22,4,6,1,1,0,7,406.88
TLV,BCN,2025,8,22,4,6,1,1,0,7,419.03
TLV,LON,2025,8,4,6,0,0,1,0,6,374.89
TLV,LON,2025,8,6,1,0,0,1,0,6,377.74
TLV,BKK,2025,8,6,1,0,0,1,0,6,396.2
TLV,ROM,2025,8,12,2,0,0,1,0,6,380.1
TLV,PAR,2025,8,15,2,0,0,1,0,6,370.64
TLV,LON,2025,8,18,3,0,0,1,0,6,412.36
TLV,AMS,2025,8,19,3,0,0,1,0,6,404.05
TLV,ATH,2025,8,23,5,0,0,1,0,6,375.19
TLV,BER,2025,8,1,5,1,0,1,0,5,370.66
TLV,LON,2025,8,2,5,1,0,1,0,5,379.46
TLV,DXB,2025,8,3,6,1,0,1,0,5,398.44
TLV,BER,2025,8,9,1,1,0,1,0,5,403.97
TLV,BER,2025,8,9,1,1,0,1,0,5,404.07
TLV,BCN,2025,8,10,1,1,0,1,0,5,416.49
TLV,LON,2025,8,12,2,1,0,1,0,5,375.94
TLV,ROM,2025,8,15,2,1,0,1,0,5,401.04
TLV,BER,2025,8,17,3,1,0,1,0,5,394.85
TLV,ATH,2025,8,21,4,1,0,1,0,5,404.95
TLV,ROM,2025,8,21,4,1,0,1,0,5,406.98
TLV,BER,2025,8,23,5,1,0,1,0,5,384.48
TLV,BKK,2025,8,2,5,2,0,1,0,4,383.0
TLV,BKK,2025,8,3,6,2,0,1,0,4,387.09
TLV,DXB,2025,8,6,1,2,0,1,0,4,387.16
TLV,ROM,2025,8,6,1,2,0,1,0,4,390.99
TLV,BCN,2025,8,8,1,2,0,1,0,4,407.01
TLV,ATH,2025,8,12,2,2,0,1,0,4,408.45
TLV,BER,2025,8,18,3,2,0,1,0,4,407.78
TLV,ATH,2025,8,23,5,2,0,1,0,4,390.99
TLV,AMS,2025,8,1,5,3,0,1,0,3,382.0
TLV,BKK,2025,8,1,5,3,0,1,0,3,380.4
TLV,PAR,2025,8,2,5,3,0,1,0,3,404.12
TLV,AMS,2025,8,3,6,3,0,1,0,3,393.98
TLV,AMS,2025,8,8,1,3,0,1,0,3,406.9
TLV,BKK,2025,8,10,1,3,0,1,0,3,414.75
TLV,AMS,2025,8,14,2,3,0,1,0,3,405.38
TLV,NYC,2025,8,18,3,3,0,1,0,3,414.91
TLV,ROM,2025,8,19,3,3,0,1,0,3,408.58
TLV,PAR,2025,8,1,5,4,0,1,0,2,383.44
TLV,ROM,2025,8,7,1,4,0,1,0,2,401.71
TLV,BCN,2025,8,13,2,4,0,1,0,2,412.7
TLV,ROM,2025,8,15,2,4,0,1,0,2,397.33
TLV,ROM,2025,8,17,3,4,0,1,0,2,412.82
TLV,BKK,2025,8,20,4,4,0,1,0,2,405.57
TLV,PAR,2025,8,4,6,5,1,1,0,1,416.05
TLV,BKK,2025,8,5,1,5,1,1,0,1,414.78
TLV,ATH,2025,8,6,1,5,1,1,0,1,420.33
TLV,BER,2025,8,9,1,5,1,1,0,1,399.51
TLV,DXB,2025,8,10,1,5,1,1,0,1,438.07
TLV,DXB,2025,8,13,2,5,1,1,0,1,422.62
TLV,BCN,2025,8,14,2,5,1,1,0,1,419.14
TLV,BKK,2025,8,17,3,5,1,1,0,1,406.34
TLV,ROM,2025,8,17,3,5,1,1,0,1,435.99
