search_datetime,origin,destination,days_before_departure,hour_of_day,day_of_week,is_weekend,is_summer,is_holiday,price
2025-03-05 01:00:00,TLV,BER,179,1,2,0,0,0,205.01 USD
2025-03-05 01:00:00,TLV,NYC,179,1,2,0,0,0,208.03 USD
2025-03-05 02:00:00,TLV,BKK,179,2,2,0,0,0,226.76 USD
2025-03-05 03:00:00,TLV,ROM,179,3,2,0,0,0,224.8 USD
2025-03-05 04:00:00,TLV,BCN,179,4,2,0,0,0,215.94 USD
2025-03-05 05:00:00,TLV,BER,179,5,2,0,0,0,225.08 USD
2025-03-05 09:00:00,TLV,BKK,179,9,2,0,0,0,258.73 USD
2025-03-05 09:00:00,TLV,LON,179,9,2,0,0,0,255.75 USD
2025-03-05 10:00:00,TLV,LON,179,10,2,0,0,0,239.29 USD
2025-03-05 13:00:00,TLV,DXB,179,13,2,0,0,0,221.63 USD
2025-03-05 16:00:00,TLV,PAR,179,16,2,0,0,0,230.11 USD
2025-03-05 21:00:00,TLV,BER,179,21,2,0,0,0,231.36 USD
2025-03-05 21:00:00,TLV,BER,179,21,2,0,0,0,240.98 USD
2025-03-06 03:00:00,TLV,ATH,178,3,3,0,0,0,215.21 USD
2025-03-06 04:00:00,TLV,AMS,178,4,3,0,0,0,240.38 USD
2025-03-06 10:00:00,TLV,NYC,178,10,3,0,0,0,244.8 USD
2025-03-06 12:00:00,TLV,NYC,178,12,3,0,0,0,225.8 USD
2025-03-06 14:00:00,TLV,BCN,178,14,3,0,0,0,228.71 USD
2025-03-06 14:00:00,TLV,BCN,178,14,3,0,0,0,233.8 USD
2025-03-06 16:00:00,TLV,ROM,178,16,3,0,0,0,227.36 USD
2025-03-06 22:00:00,TLV,BCN,178,22,3,0,0,0,217.26 USD
2025-03-07 05:00:00,TLV,BKK,177,5,4,0,0,0,198.49 USD
2025-03-07 06:00:00,TLV,AMS,177,6,4,0,0,0,237.53 USD
2025-03-07 07:00:00,TLV,BKK,177,7,4,0,0,0,239.77 USD
2025-03-07 12:00:00,TLV,BCN,177,12,4,0,0,0,247.97 USD
2025-03-07 16:00:00,TLV,BKK,177,16,4,0,0,0,213.45 USD
2025-03-07 18:00:00,TLV,AMS,177,18,4,0,0,0,260.01 USD
2025-03-08 02:00:00,TLV,NYC,176,2,5,1,0,0,246.74 USD
2025-03-08 05:00:00,TLV,BKK,176,5,5,1,0,0,241.42 USD
2025-03-08 17:00:00,TLV,AMS,176,17,5,1,0,0,274.34 USD
2025-03-08 22:00:00,TLV,AMS,176,22,5,1,0,0,239.25 USD
2025-03-09 02:00:00,TLV,AMS,175,2,6,1,0,0,239.73 USD
2025-03-09 09:00:00,TLV,ATH,175,9,6,1,0,0,257.24 USD
2025-03-09 18:00:00,TLV,PAR,175,18,6,1,0,0,267.05 USD
2025-03-09 20:00:00,TLV,DXB,175,20,6,1,0,0,285.91 USD
2025-03-09 20:00:00,TLV,ROM,175,20,6,1,0,0,275.34 USD
2025-03-09 21:00:00,TLV,NYC,175,21,6,1,0,0,288.74 USD
2025-03-09 23:00:00,TLV,BCN,175,23,6,1,0,0,239.85 USD
2025-03-10 05:00:00,TLV,PAR,174,5,0,0,0,0,235.66 USD
2025-03-10 06:00:00,TLV,DXB,174,6,0,0,0,0,251.89 USD
2025-03-10 07:00:00,TLV,ATH,174,7,0,0,0,0,250.54 USD
2025-03-10 09:00:00,TLV,NYC,174,9,0,0,0,0,266.99 USD
2025-03-10 10:00:00,TLV,ATH,174,10,0,0,0,0,248.96 USD
2025-03-10 10:00:00,TLV,DXB,174,10,0,0,0,0,248.58 USD
2025-03-10 13:00:00,TLV,ATH,174,13,0,0,0,0,223.44 USD
2025-03-10 17:00:00,TLV,NYC,174,17,0,0,0,0,241.69 USD
2025-03-10 23:00:00,TLV,AMS,174,23,0,0,0,0,246.08 USD
2025-03-11 01:00:00,TLV,DXB,173,1,1,0,0,0,242.41 USD
2025-03-11 02:00:00,TLV,LON,173,2,1,0,0,0,209.16 USD
2025-03-11 04:00:00,TLV,NYC,173,4,1,0,0,0,240.16 USD
2025-03-11 09:00:00,TLV,ATH,173,9,1,0,0,0,229.68 USD
2025-03-11 10:00:00,TLV,ROM,173,10,1,0,0,0,249.0 USD
2025-03-11 14:00:00,TLV,NYC,173,14,1,0,0,0,224.79 USD
2025-03-11 16:00:00,TLV,AMS,173,16,1,0,0,0,250.53 USD
2025-03-11 17:00:00,TLV,ATH,173,17,1,0,0,0,240.32 USD
2025-03-11 20:00:00,TLV,AMS,173,20,1,0,0,0,240.27 USD
2025-03-11 21:00:00,TLV,PAR,173,21,1,0,0,0,223.52 USD
2025-03-12 03:00:00,TLV,BER,172,3,2,0,0,0,226.22 USD
2025-03-12 18:00:00,TLV,ROM,172,18,2,0,0,0,222.96 USD
2025-03-12 21:00:00,TLV,NYC,172,21,2,0,0,0,228.54 USD
2025-03-12 22:00:00,TLV,BKK,172,22,2,0,0,0,244.76 USD
2025-03-13 05:00:00,TLV,LON,171,5,3,0,0,0,221.92 USD
2025-03-13 05:00:00,TLV,DXB,171,5,3,0,0,0,227.08 USD
2025-03-13 08:00:00,TLV,BCN,171,8,3,0,0,0,249.27 USD
2025-03-13 09:00:00,TLV,BER,171,9,3,0,0,0,240.42 USD
2025-03-13 10:00:00,TLV,NYC,171,10,3,0,0,0,254.65 USD
2025-03-13 14:00:00,TLV,ROM,171,14,3,0,0,0,226.29 USD
2025-03-13 15:00:00,TLV,PAR,171,15,3,0,0,0,249.7 USD
2025-03-13 21:00:00,TLV,ATH,171,21,3,0,0,0,246.24 USD
2025-03-13 23:00:00,TLV,ATH,171,23,3,0,0,0,226.89 USD
2025-03-14 07:00:00,TLV,BKK,170,7,4,0,0,0,268.16 USD
2025-03-14 08:00:00,TLV,BER,170,8,4,0,0,0,241.31 USD
2025-03-14 09:00:00,TLV,ROM,170,9,4,0,0,0,262.49 USD
2025-03-14 16:00:00,TLV,BCN,170,16,4,0,0,0,257.06 USD
2025-03-14 19:00:00,TLV,DXB,170,19,4,0,0,0,236.87 USD
2025-03-14 19:00:00,TLV,LON,170,19,4,0,0,0,264.16 USD
2025-03-14 20:00:00,TLV,PAR,170,20,4,0,0,0,242.06 USD
2025-03-15 01:00:00,TLV,ATH,169,1,5,1,0,0,234.14 USD
2025-03-15 02:00:00,TLV,DXB,169,2,5,1,0,0,251.28 USD
2025-03-15 04:00:00,TLV,NYC,169,4,5,1,0,0,238.91 USD
2025-03-15 09:00:00,TLV,BKK,169,9,5,1,0,0,292.94 USD
2025-03-15 10:00:00,TLV,BKK,169,10,5,1,0,0,281.49 USD
2025-03-15 13:00:00,TLV,LON,169,13,5,1,0,0,238.48 USD
2025-03-15 15:00:00,TLV,ATH,169,15,5,1,0,0,268.3 USD
2025-03-15 20:00:00,TLV,BCN,169,20,5,1,0,0,270.26 USD
2025-03-15 22:00:00,TLV,DXB,169,22,5,1,0,0,256.56 USD
2025-03-16 05:00:00,TLV,BKK,168,5,6,1,0,0,244.2 USD
2025-03-16 07:00:00,TLV,ATH,168,7,6,1,0,0,249.41 USD
2025-03-16 09:00:00,TLV,ATH,168,9,6,1,0,0,262.6 USD
2025-03-16 13:00:00,TLV,PAR,168,13,6,1,0,0,254.21 USD
2025-03-16 16:00:00,TLV,AMS,168,16,6,1,0,0,264.76 USD
2025-03-16 20:00:00,TLV,NYC,168,20,6,1,0,0,281.3 USD
2025-03-16 21:00:00,TLV,NYC,168,21,6,1,0,0,237.81 USD
2025-03-17 06:00:00,TLV,ROM,167,6,0,0,0,0,256.82 USD
2025-03-17 13:00:00,TLV,BER,167,13,0,0,0,0,253.01 USD
2025-03-17 14:00:00,TLV,BCN,167,14,0,0,0,0,246.45 USD
2025-03-17 18:00:00,TLV,PAR,167,18,0,0,0,0,242.19 USD
2025-03-17 22:00:00,TLV,BCN,167,22,0,0,0,0,252.92 USD
2025-03-17 23:00:00,TLV,AMS,167,23,0,0,0,0,241.83 USD
2025-03-18 04:00:00,TLV,BCN,166,4,1,0,0,0,235.58 USD
2025-03-18 05:00:00,TLV,PAR,166,5,1,0,0,0,222.65 USD
2025-03-18 08:00:00,TLV,DXB,166,8,1,0,0,0,258.32 USD
2025-03-18 15:00:00,TLV,ROM,166,15,1,0,0,0,241.95 USD
2025-03-18 17:00:00,TLV,AMS,166,17,1,0,0,0,217.23 USD
2025-03-18 23:00:00,TLV,DXB,166,23,1,0,0,0,223.77 USD
2025-03-19 01:00:00,TLV,PAR,165,1,2,0,0,0,239.72 USD
2025-03-19 02:00:00,TLV,BER,165,2,2,0,0,0,245.7 USD
2025-03-19 05:00:00,TLV,BER,165,5,2,0,0,0,229.68 USD
2025-03-19 05:00:00,TLV,NYC,165,5,2,0,0,0,218.45 USD
2025-03-19 09:00:00,TLV,LON,165,9,2,0,0,0,261.47 USD
2025-03-19 16:00:00,TLV,BKK,165,16,2,0,0,0,231.27 USD
2025-03-19 21:00:00,TLV,AMS,165,21,2,0,0,0,246.59 USD
2025-03-20 02:00:00,TLV,ROM,164,2,3,0,0,0,218.83 USD
2025-03-20 02:00:00,TLV,ATH,164,2,3,0,0,0,235.3 USD
2025-03-20 04:00:00,TLV,PAR,164,4,3,0,0,0,221.06 USD
2025-03-20 14:00:00,TLV,PAR,164,14,3,0,0,0,225.05 USD
2025-03-20 15:00:00,TLV,ROM,164,15,3,0,0,0,257.23 USD
2025-03-20 15:00:00,TLV,LON,164,15,3,0,0,0,261.18 USD
2025-03-20 19:00:00,TLV,DXB,164,19,3,0,0,0,241.66 USD
2025-03-21 00:00:00,TLV,AMS,164,0,4,0,0,0,227.49 USD
2025-03-21 01:00:00,TLV,BKK,163,1,4,0,0,0,226.25 USD
2025-03-21 04:00:00,TLV,ATH,163,4,4,0,0,0,248.36 USD
2025-03-21 06:00:00,TLV,PAR,163,6,4,0,0,0,259.55 USD
2025-03-21 07:00:00,TLV,AMS,163,7,4,0,0,0,253.98 USD
2025-03-21 10:00:00,TLV,AMS,163,10,4,0,0,0,262.73 USD
2025-03-21 11:00:00,TLV,NYC,163,11,4,0,0,0,234.17 USD
2025-03-21 16:00:00,TLV,ATH,163,16,4,0,0,0,256.74 USD
2025-03-21 19:00:00,TLV,ATH,163,19,4,0,0,0,252.43 USD
2025-03-21 20:00:00,TLV,BER,163,20,4,0,0,0,262.89 USD
2025-03-22 01:00:00,TLV,ROM,162,1,5,1,0,0,267.29 USD
2025-03-22 04:00:00,TLV,NYC,162,4,5,1,0,0,272.53 USD
2025-03-22 09:00:00,TLV,DXB,162,9,5,1,0,0,286.31 USD
2025-03-22 09:00:00,TLV,ROM,162,9,5,1,0,0,272.78 USD
2025-03-22 11:00:00,TLV,ROM,162,11,5,1,0,0,247.34 USD
2025-03-22 19:00:00,TLV,BKK,162,19,5,1,0,0,266.49 USD
2025-03-22 23:00:00,TLV,ATH,162,23,5,1,0,0,252.09 USD
2025-03-23 09:00:00,TLV,LON,161,9,6,1,0,0,267.98 USD
2025-03-23 22:00:00,TLV,BER,161,22,6,1,0,0,283.88 USD
2025-03-23 23:00:00,TLV,BKK,161,23,6,1,0,0,265.18 USD
2025-03-24 02:00:00,TLV,LON,160,2,0,0,0,0,237.91 USD
2025-03-24 10:00:00,TLV,NYC,160,10,0,0,0,0,265.71 USD
2025-03-24 11:00:00,TLV,ROM,160,11,0,0,0,0,259.97 USD
2025-03-24 14:00:00,TLV,ATH,160,14,0,0,0,0,244.01 USD
2025-03-24 18:00:00,TLV,LON,160,18,0,0,0,0,265.46 USD
2025-03-24 18:00:00,TLV,DXB,160,18,0,0,0,0,240.58 USD
2025-03-24 21:00:00,TLV,ATH,160,21,0,0,0,0,238.1 USD
2025-03-25 01:00:00,TLV,BKK,159,1,1,0,0,0,234.97 USD
2025-03-25 08:00:00,TLV,BCN,159,8,1,0,0,0,267.34 USD
2025-03-25 08:00:00,TLV,BKK,159,8,1,0,0,0,251.22 USD
2025-03-25 12:00:00,TLV,NYC,159,12,1,0,0,0,247.11 USD
2025-03-25 12:00:00,TLV,ATH,159,12,1,0,0,0,254.16 USD
2025-03-25 19:00:00,TLV,ROM,159,19,1,0,0,0,241.4 USD
2025-03-25 22:00:00,TLV,ATH,159,22,1,0,0,0,247.11 USD
2025-03-26 00:00:00,TLV,ATH,159,0,2,0,0,0,222.36 USD
2025-03-26 06:00:00,TLV,DXB,158,6,2,0,0,0,237.22 USD
2025-03-26 06:00:00,TLV,DXB,158,6,2,0,0,0,225.68 USD
2025-03-26 08:00:00,TLV,BKK,158,8,2,0,0,0,242.42 USD
2025-03-26 09:00:00,TLV,BCN,158,9,2,0,0,0,259.43 USD
2025-03-26 10:00:00,TLV,BKK,158,10,2,0,0,0,242.34 USD
2025-03-26 11:00:00,TLV,LON,158,11,2,0,0,0,258.14 USD
2025-03-26 15:00:00,TLV,BER,158,15,2,0,0,0,231.46 USD
2025-03-26 16:00:00,TLV,NYC,158,16,2,0,0,0,264.6 USD
2025-03-26 19:00:00,TLV,PAR,158,19,2,0,0,0,237.29 USD
2025-03-26 20:00:00,TLV,DXB,158,20,2,0,0,0,250.53 USD
2025-03-26 21:00:00,TLV,PAR,158,21,2,0,0,0,277.34 USD
2025-03-26 21:00:00,TLV,NYC,158,21,2,0,0,0,253.34 USD
2025-03-26 22:00:00,TLV,NYC,158,22,2,0,0,0,245.86 USD
2025-03-27 01:00:00,TLV,ATH,157,1,3,0,0,0,242.49 USD
2025-03-27 08:00:00,TLV,AMS,157,8,3,0,0,0,278.55 USD
2025-03-27 09:00:00,TLV,BER,157,9,3,0,0,0,260.51 USD
2025-03-27 11:00:00,TLV,PAR,157,11,3,0,0,0,236.73 USD
2025-03-27 17:00:00,TLV,PAR,157,17,3,0,0,0,264.26 USD
2025-03-28 00:00:00,TLV,ROM,157,0,4,0,0,0,234.3 USD
2025-03-28 04:00:00,TLV,BCN,156,4,4,0,0,0,251.39 USD
2025-03-28 07:00:00,TLV,PAR,156,7,4,0,0,0,251.78 USD
2025-03-28 10:00:00,TLV,PAR,156,10,4,0,0,0,277.39 USD
2025-03-28 11:00:00,TLV,DXB,156,11,4,0,0,0,230.98 USD
2025-03-28 17:00:00,TLV,NYC,156,17,4,0,0,0,262.96 USD
2025-03-28 19:00:00,TLV,BCN,156,19,4,0,0,0,274.22 USD
2025-03-28 22:00:00,TLV,ATH,156,22,4,0,0,0,241.35 USD
2025-03-28 22:00:00,TLV,BCN,156,22,4,0,0,0,264.53 USD
2025-03-28 23:00:00,TLV,BKK,156,23,4,0,0,0,233.04 USD
2025-03-29 04:00:00,TLV,NYC,155,4,5,1,0,0,279.76 USD
2025-03-29 07:00:00,TLV,AMS,155,7,5,1,0,0,285.07 USD
2025-03-29 12:00:00,TLV,AMS,155,12,5,1,0,0,276.5 USD
2025-03-29 14:00:00,TLV,LON,155,14,5,1,0,0,270.62 USD
2025-03-29 15:00:00,TLV,ATH,155,15,5,1,0,0,277.65 USD
2025-03-29 19:00:00,TLV,BER,155,19,5,1,0,0,286.18 USD
2025-03-30 00:00:00,TLV,ATH,155,0,6,1,0,0,247.84 USD
2025-03-30 00:00:00,TLV,NYC,155,0,6,1,0,0,248.2 USD
2025-03-30 03:00:00,TLV,NYC,154,3,6,1,0,0,244.23 USD
2025-03-30 06:00:00,TLV,BKK,154,6,6,1,0,0,265.78 USD
2025-03-30 08:00:00,TLV,ATH,154,8,6,1,0,0,290.38 USD
2025-03-30 09:00:00,TLV,PAR,154,9,6,1,0,0,284.44 USD
2025-03-30 14:00:00,TLV,LON,154,14,6,1,0,0,266.61 USD
2025-03-30 16:00:00,TLV,PAR,154,16,6,1,0,0,258.43 USD
2025-03-30 23:00:00,TLV,BKK,154,23,6,1,0,0,262.96 USD
2025-03-31 04:00:00,TLV,AMS,153,4,0,0,0,0,229.51 USD
2025-03-31 05:00:00,TLV,LON,153,5,0,0,0,0,227.59 USD
2025-03-31 10:00:00,TLV,LON,153,10,0,0,0,0,266.84 USD
2025-03-31 11:00:00,TLV,ROM,153,11,0,0,0,0,237.64 USD
2025-03-31 14:00:00,TLV,LON,153,14,0,0,0,0,246.09 USD
2025-03-31 21:00:00,TLV,LON,153,21,0,0,0,0,237.84 USD
2025-03-31 21:00:00,TLV,ROM,153,21,0,0,0,0,245.85 USD
2025-03-31 22:00:00,TLV,BER,153,22,0,0,0,0,268.43 USD
2025-04-01 11:00:00,TLV,BER,152,11,1,0,0,0,260.37 USD
2025-04-01 13:00:00,TLV,DXB,152,13,1,0,0,0,248.77 USD
2025-04-01 15:00:00,TLV,BER,152,15,1,0,0,0,260.58 USD
2025-04-01 18:00:00,TLV,ATH,152,18,1,0,0,0,259.77 USD
2025-04-01 19:00:00,TLV,DXB,152,19,1,0,0,0,263.42 USD
2025-04-01 23:00:00,TLV,AMS,152,23,1,0,0,0,263.66 USD
2025-04-02 01:00:00,TLV,NYC,151,1,2,0,0,0,237.81 USD
2025-04-02 03:00:00,TLV,ROM,151,3,2,0,0,0,260.02 USD
2025-04-02 14:00:00,TLV,ROM,151,14,2,0,0,0,265.67 USD
2025-04-02 16:00:00,TLV,BER,151,16,2,0,0,0,264.96 USD
2025-04-02 20:00:00,TLV,AMS,151,20,2,0,0,0,259.02 USD
2025-04-03 02:00:00,TLV,ROM,150,2,3,0,0,0,239.78 USD
2025-04-03 02:00:00,TLV,NYC,150,2,3,0,0,0,252.1 USD
2025-04-03 03:00:00,TLV,LON,150,3,3,0,0,0,229.25 USD
2025-04-03 08:00:00,TLV,PAR,150,8,3,0,0,0,273.3 USD
2025-04-03 13:00:00,TLV,NYC,150,13,3,0,0,0,270.94 USD
2025-04-03 13:00:00,TLV,BER,150,13,3,0,0,0,267.39 USD
2025-04-03 17:00:00,TLV,LON,150,17,3,0,0,0,256.72 USD
2025-04-03 17:00:00,TLV,DXB,150,17,3,0,0,0,262.11 USD
2025-04-03 17:00:00,TLV,BER,150,17,3,0,0,0,247.58 USD
2025-04-03 19:00:00,TLV,DXB,150,19,3,0,0,0,249.16 USD
2025-04-03 20:00:00,TLV,ROM,150,20,3,0,0,0,253.74 USD
2025-04-03 21:00:00,TLV,ROM,150,21,3,0,0,0,255.42 USD
2025-04-04 02:00:00,TLV,BER,149,2,4,0,0,0,227.78 USD
2025-04-04 03:00:00,TLV,BER,149,3,4,0,0,0,256.15 USD
2025-04-04 06:00:00,TLV,ATH,149,6,4,0,0,0,237.03 USD
2025-04-04 08:00:00,TLV,BER,149,8,4,0,0,0,269.65 USD
2025-04-04 08:00:00,TLV,PAR,149,8,4,0,0,0,268.77 USD
2025-04-04 08:00:00,TLV,NYC,149,8,4,0,0,0,261.89 USD
2025-04-04 12:00:00,TLV,ATH,149,12,4,0,0,0,244.52 USD
2025-04-04 18:00:00,TLV,BER,149,18,4,0,0,0,259.57 USD
2025-04-04 20:00:00,TLV,LON,149,20,4,0,0,0,272.07 USD
2025-04-05 05:00:00,TLV,BCN,148,5,5,1,0,0,270.25 USD
2025-04-05 06:00:00,TLV,PAR,148,6,5,1,0,0,270.09 USD
2025-04-05 09:00:00,TLV,NYC,148,9,5,1,0,0,278.23 USD
2025-04-05 10:00:00,TLV,PAR,148,10,5,1,0,0,286.23 USD
2025-04-05 16:00:00,TLV,BCN,148,16,5,1,0,0,276.27 USD
2025-04-05 18:00:00,TLV,AMS,148,18,5,1,0,0,278.81 USD
2025-04-05 22:00:00,TLV,DXB,148,22,5,1,0,0,268.51 USD
2025-04-06 00:00:00,TLV,BCN,148,0,6,1,0,0,259.13 USD
2025-04-06 01:00:00,TLV,ROM,147,1,6,1,0,0,275.08 USD
2025-04-06 02:00:00,TLV,BER,147,2,6,1,0,0,276.02 USD
2025-04-06 06:00:00,TLV,BER,147,6,6,1,0,0,297.31 USD
2025-04-06 07:00:00,TLV,AMS,147,7,6,1,0,0,287.9 USD
2025-04-06 07:00:00,TLV,NYC,147,7,6,1,0,0,269.92 USD
2025-04-06 10:00:00,TLV,BKK,147,10,6,1,0,0,267.25 USD
2025-04-06 16:00:00,TLV,PAR,147,16,6,1,0,0,287.38 USD
2025-04-06 23:00:00,TLV,AMS,147,23,6,1,0,0,272.53 USD
2025-04-07 00:00:00,TLV,DXB,147,0,0,0,0,0,239.91 USD
2025-04-07 01:00:00,TLV,LON,146,1,0,0,0,0,246.59 USD
2025-04-07 03:00:00,TLV,BER,146,3,0,0,0,0,246.11 USD
2025-04-07 05:00:00,TLV,NYC,146,5,0,0,0,0,249.54 USD
2025-04-07 12:00:00,TLV,NYC,146,12,0,0,0,0,261.01 USD
2025-04-07 12:00:00,TLV,BKK,146,12,0,0,0,0,262.19 USD
2025-04-07 12:00:00,TLV,BCN,146,12,0,0,0,0,279.41 USD
2025-04-07 14:00:00,TLV,ATH,146,14,0,0,0,0,241.45 USD
2025-04-07 21:00:00,TLV,BCN,146,21,0,0,0,0,263.33 USD
2025-04-07 22:00:00,TLV,ROM,146,22,0,0,0,0,250.87 USD
2025-04-07 23:00:00,TLV,ROM,146,23,0,0,0,0,243.77 USD
2025-04-08 06:00:00,TLV,PAR,145,6,1,0,0,0,266.23 USD
2025-04-08 07:00:00,TLV,ATH,145,7,1,0,0,0,267.63 USD
2025-04-08 08:00:00,TLV,ROM,145,8,1,0,0,0,266.48 USD
2025-04-08 09:00:00,TLV,NYC,145,9,1,0,0,0,273.28 USD
2025-04-08 09:00:00,TLV,PAR,145,9,1,0,0,0,284.93 USD
2025-04-08 10:00:00,TLV,AMS,145,10,1,0,0,0,266.52 USD
2025-04-08 11:00:00,TLV,NYC,145,11,1,0,0,0,255.67 USD
2025-04-08 14:00:00,TLV,BER,145,14,1,0,0,0,260.52 USD
2025-04-08 16:00:00,TLV,BCN,145,16,1,0,0,0,250.09 USD
2025-04-09 06:00:00,TLV,BCN,144,6,2,0,0,0,263.27 USD
2025-04-09 09:00:00,TLV,ROM,144,9,2,0,0,0,289.43 USD
2025-04-09 11:00:00,TLV,BKK,144,11,2,0,0,0,255.8 USD
2025-04-09 13:00:00,TLV,PAR,144,13,2,0,0,0,255.9 USD
2025-04-09 14:00:00,TLV,BER,144,14,2,0,0,0,234.07 USD
2025-04-09 20:00:00,TLV,BCN,144,20,2,0,0,0,253.54 USD
2025-04-09 23:00:00,TLV,AMS,144,23,2,0,0,0,259.87 USD
2025-04-10 06:00:00,TLV,BCN,143,6,3,0,0,0,269.37 USD
2025-04-10 08:00:00,TLV,BCN,143,8,3,0,0,0,275.99 USD
2025-04-10 12:00:00,TLV,BCN,143,12,3,0,0,0,260.83 USD
2025-04-10 12:00:00,TLV,ATH,143,12,3,0,0,0,276.77 USD
2025-04-10 14:00:00,TLV,AMS,143,14,3,0,0,0,270.5 USD
2025-04-10 20:00:00,TLV,ATH,143,20,3,0,0,0,273.38 USD
2025-04-10 21:00:00,TLV,BKK,143,21,3,0,0,0,258.69 USD
2025-04-10 22:00:00,TLV,ATH,143,22,3,0,0,0,254.72 USD
2025-04-10 22:00:00,TLV,BER,143,22,3,0,0,0,256.38 USD
2025-04-11 04:00:00,TLV,LON,142,4,4,0,0,0,243.65 USD
2025-04-11 06:00:00,TLV,LON,142,6,4,0,0,0,253.73 USD
2025-04-11 06:00:00,TLV,PAR,142,6,4,0,0,0,265.28 USD
2025-04-11 07:00:00,TLV,BKK,142,7,4,0,0,0,274.45 USD
2025-04-11 11:00:00,TLV,ROM,142,11,4,0,0,0,272.27 USD
2025-04-11 11:00:00,TLV,AMS,142,11,4,0,0,0,272.1 USD
2025-04-11 13:00:00,TLV,NYC,142,13,4,0,0,0,260.94 USD
2025-04-11 14:00:00,TLV,PAR,142,14,4,0,0,0,258.51 USD
2025-04-11 18:00:00,TLV,ATH,142,18,4,0,0,0,276.83 USD
2025-04-12 01:00:00,TLV,BER,141,1,5,1,0,0,275.6 USD
2025-04-12 02:00:00,TLV,PAR,141,2,5,1,0,0,271.33 USD
2025-04-12 05:00:00,TLV,DXB,141,5,5,1,0,0,282.03 USD
2025-04-12 05:00:00,TLV,NYC,141,5,5,1,0,0,273.01 USD
2025-04-12 06:00:00,TLV,BCN,141,6,5,1,0,0,282.99 USD
2025-04-12 07:00:00,TLV,PAR,141,7,5,1,0,0,299.88 USD
2025-04-12 08:00:00,TLV,DXB,141,8,5,1,0,0,281.97 USD
2025-04-12 08:00:00,TLV,ATH,141,8,5,1,0,0,279.97 USD
2025-04-12 10:00:00,TLV,ATH,141,10,5,1,0,0,297.34 USD
2025-04-12 12:00:00,TLV,ATH,141,12,5,1,0,0,282.31 USD
2025-04-12 16:00:00,TLV,BCN,141,16,5,1,0,0,284.3 USD
2025-04-12 21:00:00,TLV,BCN,141,21,5,1,0,0,272.97 USD
2025-04-12 22:00:00,TLV,BKK,141,22,5,1,0,0,280.2 USD
2025-04-12 23:00:00,TLV,AMS,141,23,5,1,0,0,276.54 USD
2025-04-13 00:00:00,TLV,AMS,141,0,6,1,0,0,276.46 USD
2025-04-13 02:00:00,TLV,BKK,140,2,6,1,0,0,263.26 USD
2025-04-13 02:00:00,TLV,BER,140,2,6,1,0,0,279.14 USD
2025-04-13 03:00:00,TLV,ATH,140,3,6,1,0,0,253.15 USD
2025-04-13 07:00:00,TLV,LON,140,7,6,1,0,0,310.02 USD
2025-04-13 10:00:00,TLV,NYC,140,10,6,1,0,0,301.79 USD
2025-04-13 14:00:00,TLV,BKK,140,14,6,1,0,0,254.84 USD
2025-04-13 15:00:00,TLV,BKK,140,15,6,1,0,0,270.16 USD
2025-04-13 17:00:00,TLV,ROM,140,17,6,1,0,0,290.05 USD
2025-04-13 18:00:00,TLV,NYC,140,18,6,1,0,0,282.32 USD
2025-04-13 18:00:00,TLV,NYC,140,18,6,1,0,0,302.87 USD
2025-04-13 18:00:00,TLV,NYC,140,18,6,1,0,0,277.69 USD
2025-04-13 19:00:00,TLV,LON,140,19,6,1,0,0,299.85 USD
2025-04-13 20:00:00,TLV,LON,140,20,6,1,0,0,299.35 USD
2025-04-13 20:00:00,TLV,DXB,140,20,6,1,0,0,292.12 USD
2025-04-13 23:00:00,TLV,AMS,140,23,6,1,0,0,284.06 USD
2025-04-13 23:00:00,TLV,BKK,140,23,6,1,0,0,292.44 USD
2025-04-14 03:00:00,TLV,LON,139,3,0,0,0,0,257.08 USD
2025-04-14 06:00:00,TLV,BCN,139,6,0,0,0,0,243.25 USD
2025-04-14 11:00:00,TLV,ROM,139,11,0,0,0,0,272.05 USD
2025-04-14 14:00:00,TLV,NYC,139,14,0,0,0,0,257.37 USD
2025-04-14 15:00:00,TLV,NYC,139,15,0,0,0,0,251.47 USD
2025-04-14 20:00:00,TLV,BER,139,20,0,0,0,0,265.28 USD
2025-04-14 23:00:00,TLV,NYC,139,23,0,0,0,0,264.71 USD
2025-04-15 00:00:00,TLV,NYC,139,0,1,0,0,0,267.91 USD
2025-04-15 00:00:00,TLV,LON,139,0,1,0,0,0,247.66 USD
2025-04-15 03:00:00,TLV,AMS,138,3,1,0,0,0,242.41 USD
2025-04-15 04:00:00,TLV,BER,138,4,1,0,0,0,261.64 USD
2025-04-15 05:00:00,TLV,DXB,138,5,1,0,0,0,236.25 USD
2025-04-15 07:00:00,TLV,NYC,138,7,1,0,0,0,279.52 USD
2025-04-15 08:00:00,TLV,BKK,138,8,1,0,0,0,271.63 USD
2025-04-15 11:00:00,TLV,ATH,138,11,1,0,0,0,273.25 USD
2025-04-15 23:00:00,TLV,NYC,138,23,1,0,0,0,261.9 USD
2025-04-16 04:00:00,TLV,AMS,137,4,2,0,0,0,240.37 USD
2025-04-16 07:00:00,TLV,PAR,137,7,2,0,0,0,269.45 USD
2025-04-16 07:00:00,TLV,PAR,137,7,2,0,0,0,281.46 USD
2025-04-16 08:00:00,TLV,PAR,137,8,2,0,0,0,263.99 USD
2025-04-16 08:00:00,TLV,DXB,137,8,2,0,0,0,267.85 USD
2025-04-16 08:00:00,TLV,LON,137,8,2,0,0,0,292.7 USD
2025-04-16 13:00:00,TLV,NYC,137,13,2,0,0,0,258.56 USD
2025-04-16 20:00:00,TLV,LON,137,20,2,0,0,0,269.55 USD
2025-04-17 08:00:00,TLV,ATH,136,8,3,0,0,0,281.5 USD
2025-04-17 13:00:00,TLV,ROM,136,13,3,0,0,0,268.53 USD
2025-04-17 18:00:00,TLV,BCN,136,18,3,0,0,0,261.45 USD
2025-04-18 03:00:00,TLV,LON,135,3,4,0,0,0,249.25 USD
2025-04-18 04:00:00,TLV,ATH,135,4,4,0,0,0,241.72 USD
2025-04-18 06:00:00,TLV,DXB,135,6,4,0,0,0,272.3 USD
2025-04-18 06:00:00,TLV,BCN,135,6,4,0,0,0,239.57 USD
2025-04-18 07:00:00,TLV,AMS,135,7,4,0,0,0,300.84 USD
2025-04-18 09:00:00,TLV,DXB,135,9,4,0,0,0,278.7 USD
2025-04-18 10:00:00,TLV,BCN,135,10,4,0,0,0,286.87 USD
2025-04-18 13:00:00,TLV,DXB,135,13,4,0,0,0,272.28 USD
2025-04-18 20:00:00,TLV,AMS,135,20,4,0,0,0,257.58 USD
2025-04-18 21:00:00,TLV,PAR,135,21,4,0,0,0,267.22 USD
2025-04-19 01:00:00,TLV,BKK,134,1,5,1,0,0,289.8 USD
2025-04-19 01:00:00,TLV,BKK,134,1,5,1,0,0,276.9 USD
2025-04-19 02:00:00,TLV,PAR,134,2,5,1,0,0,262.41 USD
2025-04-19 02:00:00,TLV,BKK,134,2,5,1,0,0,246.28 USD
2025-04-19 18:00:00,TLV,ATH,134,18,5,1,0,0,284.56 USD
2025-04-20 03:00:00,TLV,ATH,133,3,6,1,0,0,268.53 USD
2025-04-20 14:00:00,TLV,AMS,133,14,6,1,0,0,278.25 USD
2025-04-20 16:00:00,TLV,DXB,133,16,6,1,0,0,270.8 USD
2025-04-20 18:00:00,TLV,BKK,133,18,6,1,0,0,302.42 USD
2025-04-21 03:00:00,TLV,AMS,132,3,0,0,0,0,248.84 USD
2025-04-21 08:00:00,TLV,BCN,132,8,0,0,0,0,268.57 USD
2025-04-21 08:00:00,TLV,AMS,132,8,0,0,0,0,265.83 USD
2025-04-21 11:00:00,TLV,BCN,132,11,0,0,0,0,252.02 USD
2025-04-21 13:00:00,TLV,LON,132,13,0,0,0,0,275.58 USD
2025-04-21 17:00:00,TLV,BER,132,17,0,0,0,0,265.4 USD
2025-04-21 19:00:00,TLV,DXB,132,19,0,0,0,0,276.72 USD
2025-04-21 20:00:00,TLV,BER,132,20,0,0,0,0,281.86 USD
2025-04-21 22:00:00,TLV,NYC,132,22,0,0,0,0,267.24 USD
2025-04-22 02:00:00,TLV,BER,131,2,1,0,0,0,271.5 USD
2025-04-22 03:00:00,TLV,NYC,131,3,1,0,0,0,263.59 USD
2025-04-22 04:00:00,TLV,DXB,131,4,1,0,0,0,235.92 USD
2025-04-22 08:00:00,TLV,ATH,131,8,1,0,0,0,267.73 USD
2025-04-22 13:00:00,TLV,NYC,131,13,1,0,0,0,251.05 USD
2025-04-22 14:00:00,TLV,LON,131,14,1,0,0,0,274.8 USD
2025-04-22 15:00:00,TLV,AMS,131,15,1,0,0,0,254.99 USD
2025-04-22 17:00:00,TLV,ROM,131,17,1,0,0,0,271.29 USD
2025-04-23 06:00:00,TLV,NYC,130,6,2,0,0,0,268.37 USD
2025-04-23 08:00:00,TLV,NYC,130,8,2,0,0,0,300.52 USD
2025-04-23 08:00:00,TLV,AMS,130,8,2,0,0,0,287.02 USD
2025-04-23 15:00:00,TLV,NYC,130,15,2,0,0,0,288.99 USD
2025-04-24 02:00:00,TLV,BCN,129,2,3,0,0,0,252.49 USD
2025-04-24 05:00:00,TLV,BKK,129,5,3,0,0,0,256.81 USD
2025-04-24 05:00:00,TLV,DXB,129,5,3,0,0,0,258.82 USD
2025-04-24 14:00:00,TLV,AMS,129,14,3,0,0,0,277.73 USD
2025-04-24 17:00:00,TLV,NYC,129,17,3,0,0,0,272.89 USD
2025-04-24 18:00:00,TLV,ATH,129,18,3,0,0,0,287.55 USD
2025-04-24 18:00:00,TLV,BKK,129,18,3,0,0,0,283.71 USD
2025-04-25 16:00:00,TLV,ROM,128,16,4,0,0,0,286.75 USD
2025-04-25 19:00:00,TLV,LON,128,19,4,0,0,0,284.61 USD
2025-04-25 19:00:00,TLV,LON,128,19,4,0,0,0,285.85 USD
2025-04-25 19:00:00,TLV,BER,128,19,4,0,0,0,292.23 USD
2025-04-25 21:00:00,TLV,NYC,128,21,4,0,0,0,252.93 USD
2025-04-25 23:00:00,TLV,ROM,128,23,4,0,0,0,302.79 USD
2025-04-26 00:00:00,TLV,BER,128,0,5,1,0,0,281.24 USD
2025-04-26 02:00:00,TLV,ROM,127,2,5,1,0,0,271.56 USD
2025-04-26 02:00:00,TLV,ATH,127,2,5,1,0,0,295.84 USD
2025-04-26 04:00:00,TLV,ATH,127,4,5,1,0,0,267.56 USD
2025-04-26 04:00:00,TLV,PAR,127,4,5,1,0,0,276.82 USD
2025-04-26 04:00:00,TLV,LON,127,4,5,1,0,0,293.29 USD
2025-04-26 04:00:00,TLV,BKK,127,4,5,1,0,0,283.24 USD
2025-04-26 06:00:00,TLV,BER,127,6,5,1,0,0,294.54 USD
2025-04-26 08:00:00,TLV,ATH,127,8,5,1,0,0,306.75 USD
2025-04-26 14:00:00,TLV,BKK,127,14,5,1,0,0,261.96 USD
2025-04-26 17:00:00,TLV,ROM,127,17,5,1,0,0,300.02 USD
2025-04-26 18:00:00,TLV,LON,127,18,5,1,0,0,313.64 USD
2025-04-26 19:00:00,TLV,ROM,127,19,5,1,0,0,311.74 USD
2025-04-26 21:00:00,TLV,PAR,127,21,5,1,0,0,286.52 USD
2025-04-27 01:00:00,TLV,BKK,126,1,6,1,0,0,282.64 USD
2025-04-27 03:00:00,TLV,LON,126,3,6,1,0,0,276.18 USD
2025-04-27 04:00:00,TLV,DXB,126,4,6,1,0,0,266.38 USD
2025-04-27 07:00:00,TLV,AMS,126,7,6,1,0,0,305.41 USD
2025-04-27 08:00:00,TLV,PAR,126,8,6,1,0,0,319.91 USD
2025-04-27 10:00:00,TLV,AMS,126,10,6,1,0,0,290.62 USD
2025-04-27 13:00:00,TLV,NYC,126,13,6,1,0,0,281.63 USD
2025-04-27 18:00:00,TLV,DXB,126,18,6,1,0,0,280.55 USD
2025-04-27 19:00:00,TLV,BKK,126,19,6,1,0,0,299.33 USD
2025-04-28 00:00:00,TLV,BCN,126,0,0,0,0,0,268.76 USD
2025-04-28 04:00:00,TLV,PAR,125,4,0,0,0,0,257.14 USD
2025-04-28 05:00:00,TLV,BKK,125,5,0,0,0,0,249.06 USD
2025-04-28 08:00:00,TLV,NYC,125,8,0,0,0,0,300.84 USD
2025-04-28 10:00:00,TLV,AMS,125,10,0,0,0,0,303.96 USD
2025-04-28 11:00:00,TLV,BCN,125,11,0,0,0,0,275.16 USD
2025-04-28 12:00:00,TLV,BKK,125,12,0,0,0,0,261.06 USD
2025-04-28 15:00:00,TLV,BER,125,15,0,0,0,0,257.49 USD
2025-04-28 16:00:00,TLV,DXB,125,16,0,0,0,0,274.36 USD
2025-04-28 16:00:00,TLV,ROM,125,16,0,0,0,0,286.27 USD
2025-04-28 18:00:00,TLV,BER,125,18,0,0,0,0,269.24 USD
2025-04-28 22:00:00,TLV,ATH,125,22,0,0,0,0,278.5 USD
2025-04-29 04:00:00,TLV,DXB,124,4,1,0,0,0,236.32 USD
2025-04-29 04:00:00,TLV,BER,124,4,1,0,0,0,237.06 USD
2025-04-29 09:00:00,TLV,AMS,124,9,1,0,0,0,289.61 USD
2025-04-29 11:00:00,TLV,ROM,124,11,1,0,0,0,279.3 USD
2025-04-29 12:00:00,TLV,BER,124,12,1,0,0,0,262.08 USD
2025-04-29 13:00:00,TLV,BCN,124,13,1,0,0,0,270.81 USD
2025-04-29 21:00:00,TLV,BKK,124,21,1,0,0,0,271.77 USD
2025-04-29 22:00:00,TLV,PAR,124,22,1,0,0,0,276.5 USD
2025-04-30 04:00:00,TLV,NYC,123,4,2,0,0,0,242.63 USD
2025-04-30 09:00:00,TLV,LON,123,9,2,0,0,0,273.03 USD
2025-04-30 11:00:00,TLV,BKK,123,11,2,0,0,0,261.15 USD
2025-04-30 14:00:00,TLV,ATH,123,14,2,0,0,0,272.19 USD
2025-04-30 14:00:00,TLV,BCN,123,14,2,0,0,0,283.01 USD
2025-04-30 19:00:00,TLV,ROM,123,19,2,0,0,0,278.34 USD
2025-04-30 19:00:00,TLV,BKK,123,19,2,0,0,0,281.13 USD
2025-04-30 21:00:00,TLV,BCN,123,21,2,0,0,0,294.14 USD
2025-04-30 21:00:00,TLV,BER,123,21,2,0,0,0,261.51 USD
2025-05-01 01:00:00,TLV,BER,122,1,3,0,0,0,256.61 USD
2025-05-01 01:00:00,TLV,ROM,122,1,3,0,0,0,278.5 USD
2025-05-01 12:00:00,TLV,AMS,122,12,3,0,0,0,293.88 USD
2025-05-01 16:00:00,TLV,NYC,122,16,3,0,0,0,293.49 USD
2025-05-01 18:00:00,TLV,BER,122,18,3,0,0,0,258.18 USD
2025-05-01 19:00:00,TLV,ROM,122,19,3,0,0,0,291.56 USD
2025-05-01 19:00:00,TLV,BCN,122,19,3,0,0,0,282.65 USD
2025-05-01 20:00:00,TLV,LON,122,20,3,0,0,0,276.07 USD
2025-05-01 21:00:00,TLV,NYC,122,21,3,0,0,0,260.99 USD
2025-05-01 21:00:00,TLV,LON,122,21,3,0,0,0,291.22 USD
2025-05-01 22:00:00,TLV,BER,122,22,3,0,0,0,295.74 USD
2025-05-02 02:00:00,TLV,LON,121,2,4,0,0,0,286.44 USD
2025-05-02 04:00:00,TLV,LON,121,4,4,0,0,0,281.3 USD
2025-05-02 17:00:00,TLV,PAR,121,17,4,0,0,0,290.28 USD
2025-05-02 17:00:00,TLV,BCN,121,17,4,0,0,0,257.49 USD
2025-05-03 02:00:00,TLV,BER,120,2,5,1,0,0,294.52 USD
2025-05-03 19:00:00,TLV,AMS,120,19,5,1,0,0,295.9 USD
2025-05-03 23:00:00,TLV,BCN,120,23,5,1,0,0,306.13 USD
2025-05-04 01:00:00,TLV,ATH,119,1,6,1,0,0,274.65 USD
2025-05-04 05:00:00,TLV,PAR,119,5,6,1,0,0,271.86 USD
2025-05-04 13:00:00,TLV,PAR,119,13,6,1,0,0,291.29 USD
2025-05-04 18:00:00,TLV,ROM,119,18,6,1,0,0,321.86 USD
2025-05-04 20:00:00,TLV,AMS,119,20,6,1,0,0,300.08 USD
2025-05-04 20:00:00,TLV,BER,119,20,6,1,0,0,320.85 USD
2025-05-04 23:00:00,TLV,LON,119,23,6,1,0,0,303.0 USD
2025-05-05 02:00:00,TLV,BER,118,2,0,0,0,0,263.29 USD
2025-05-05 06:00:00,TLV,BER,118,6,0,0,0,0,288.78 USD
2025-05-05 14:00:00,TLV,ATH,118,14,0,0,0,0,279.28 USD
2025-05-05 17:00:00,TLV,LON,118,17,0,0,0,0,274.19 USD
2025-05-05 20:00:00,TLV,BKK,118,20,0,0,0,0,261.66 USD
2025-05-06 05:00:00,TLV,BCN,117,5,1,0,0,0,276.84 USD
2025-05-06 07:00:00,TLV,AMS,117,7,1,0,0,0,271.37 USD
2025-05-06 07:00:00,TLV,BKK,117,7,1,0,0,0,279.79 USD
2025-05-06 12:00:00,TLV,PAR,117,12,1,0,0,0,272.31 USD
2025-05-06 12:00:00,TLV,ATH,117,12,1,0,0,0,284.22 USD
2025-05-06 12:00:00,TLV,ATH,117,12,1,0,0,0,303.65 USD
2025-05-07 04:00:00,TLV,DXB,116,4,2,0,0,0,249.93 USD
2025-05-07 09:00:00,TLV,BER,116,9,2,0,0,0,298.33 USD
2025-05-07 12:00:00,TLV,ATH,116,12,2,0,0,0,283.44 USD
2025-05-07 13:00:00,TLV,ROM,116,13,2,0,0,0,260.87 USD
2025-05-07 15:00:00,TLV,DXB,116,15,2,0,0,0,237.54 USD
2025-05-07 16:00:00,TLV,ATH,116,16,2,0,0,0,276.48 USD
2025-05-07 17:00:00,TLV,DXB,116,17,2,0,0,0,282.03 USD
2025-05-07 19:00:00,TLV,PAR,116,19,2,0,0,0,283.15 USD
2025-05-07 19:00:00,TLV,ROM,116,19,2,0,0,0,290.55 USD
2025-05-08 04:00:00,TLV,AMS,115,4,3,0,0,0,276.51 USD
2025-05-08 06:00:00,TLV,DXB,115,6,3,0,0,0,275.49 USD
2025-05-08 11:00:00,TLV,BKK,115,11,3,0,0,0,283.45 USD
2025-05-08 19:00:00,TLV,NYC,115,19,3,0,0,0,269.07 USD
2025-05-09 00:00:00,TLV,LON,115,0,4,0,0,0,260.3 USD
2025-05-09 00:00:00,TLV,LON,115,0,4,0,0,0,276.06 USD
2025-05-09 07:00:00,TLV,LON,114,7,4,0,0,0,303.92 USD
2025-05-09 08:00:00,TLV,BCN,114,8,4,0,0,0,310.77 USD
2025-05-09 10:00:00,TLV,BKK,114,10,4,0,0,0,287.12 USD
2025-05-09 10:00:00,TLV,LON,114,10,4,0,0,0,299.78 USD
2025-05-09 11:00:00,TLV,ROM,114,11,4,0,0,0,270.35 USD
2025-05-09 13:00:00,TLV,BKK,114,13,4,0,0,0,283.94 USD
2025-05-09 14:00:00,TLV,DXB,114,14,4,0,0,0,273.39 USD
2025-05-09 14:00:00,TLV,PAR,114,14,4,0,0,0,295.35 USD
2025-05-09 16:00:00,TLV,PAR,114,16,4,0,0,0,297.49 USD
2025-05-09 19:00:00,TLV,BCN,114,19,4,0,0,0,296.0 USD
2025-05-09 21:00:00,TLV,BCN,114,21,4,0,0,0,271.62 USD
2025-05-10 01:00:00,TLV,ROM,113,1,5,1,0,0,274.75 USD
2025-05-10 07:00:00,TLV,BKK,113,7,5,1,0,0,336.07 USD
2025-05-10 12:00:00,TLV,LON,113,12,5,1,0,0,315.34 USD
2025-05-10 13:00:00,TLV,PAR,113,13,5,1,0,0,293.26 USD
2025-05-10 19:00:00,TLV,BCN,113,19,5,1,0,0,315.57 USD
2025-05-10 20:00:00,TLV,BER,113,20,5,1,0,0,324.22 USD
2025-05-10 21:00:00,TLV,NYC,113,21,5,1,0,0,286.28 USD
2025-05-10 23:00:00,TLV,BER,113,23,5,1,0,0,287.5 USD
2025-05-11 11:00:00,TLV,PAR,112,11,6,1,0,0,296.58 USD
2025-05-11 14:00:00,TLV,BKK,112,14,6,1,0,0,325.89 USD
2025-05-11 17:00:00,TLV,BCN,112,17,6,1,0,0,311.08 USD
2025-05-11 17:00:00,TLV,BCN,112,17,6,1,0,0,305.02 USD
2025-05-11 23:00:00,TLV,NYC,112,23,6,1,0,0,282.47 USD
2025-05-12 01:00:00,TLV,ROM,111,1,0,0,0,0,285.48 USD
2025-05-12 03:00:00,TLV,BCN,111,3,0,0,0,0,257.26 USD
2025-05-12 04:00:00,TLV,BER,111,4,0,0,0,0,273.25 USD
2025-05-12 04:00:00,TLV,PAR,111,4,0,0,0,0,270.64 USD
2025-05-12 07:00:00,TLV,PAR,111,7,0,0,0,0,322.08 USD
2025-05-12 07:00:00,TLV,LON,111,7,0,0,0,0,308.15 USD
2025-05-12 08:00:00,TLV,ROM,111,8,0,0,0,0,320.13 USD
2025-05-12 13:00:00,TLV,BCN,111,13,0,0,0,0,275.39 USD
2025-05-12 14:00:00,TLV,NYC,111,14,0,0,0,0,262.77 USD
2025-05-12 14:00:00,TLV,ROM,111,14,0,0,0,0,287.62 USD
2025-05-12 16:00:00,TLV,NYC,111,16,0,0,0,0,299.74 USD
2025-05-12 23:00:00,TLV,ATH,111,23,0,0,0,0,263.74 USD
2025-05-13 07:00:00,TLV,AMS,110,7,1,0,0,0,291.05 USD
2025-05-13 08:00:00,TLV,NYC,110,8,1,0,0,0,285.78 USD
2025-05-13 12:00:00,TLV,BCN,110,12,1,0,0,0,286.3 USD
2025-05-13 17:00:00,TLV,BCN,110,17,1,0,0,0,294.9 USD
2025-05-13 22:00:00,TLV,PAR,110,22,1,0,0,0,256.72 USD
2025-05-13 23:00:00,TLV,BCN,110,23,1,0,0,0,290.49 USD
2025-05-14 00:00:00,TLV,AMS,110,0,2,0,0,0,275.2 USD
2025-05-14 02:00:00,TLV,AMS,109,2,2,0,0,0,261.39 USD
2025-05-14 02:00:00,TLV,PAR,109,2,2,0,0,0,265.17 USD
2025-05-14 02:00:00,TLV,ATH,109,2,2,0,0,0,276.01 USD
2025-05-14 05:00:00,TLV,LON,109,5,2,0,0,0,265.93 USD
2025-05-14 06:00:00,TLV,BCN,109,6,2,0,0,0,296.44 USD
2025-05-14 07:00:00,TLV,BCN,109,7,2,0,0,0,302.03 USD
2025-05-14 07:00:00,TLV,BER,109,7,2,0,0,0,296.19 USD
2025-05-14 10:00:00,TLV,BCN,109,10,2,0,0,0,303.12 USD
2025-05-14 13:00:00,TLV,AMS,109,13,2,0,0,0,284.93 USD
2025-05-14 13:00:00,TLV,LON,109,13,2,0,0,0,281.44 USD
2025-05-14 16:00:00,TLV,DXB,109,16,2,0,0,0,289.68 USD
2025-05-15 00:00:00,TLV,BKK,109,0,3,0,0,0,271.45 USD
2025-05-15 03:00:00,TLV,ATH,108,3,3,0,0,0,274.6 USD
2025-05-15 04:00:00,TLV,BKK,108,4,3,0,0,0,273.98 USD
2025-05-15 05:00:00,TLV,BCN,108,5,3,0,0,0,280.8 USD
2025-05-15 07:00:00,TLV,PAR,108,7,3,0,0,0,298.37 USD
2025-05-15 08:00:00,TLV,BER,108,8,3,0,0,0,280.95 USD
2025-05-15 09:00:00,TLV,BCN,108,9,3,0,0,0,318.95 USD
2025-05-15 11:00:00,TLV,ATH,108,11,3,0,0,0,294.89 USD
2025-05-15 12:00:00,TLV,BER,108,12,3,0,0,0,308.42 USD
2025-05-15 15:00:00,TLV,BKK,108,15,3,0,0,0,298.9 USD
2025-05-15 18:00:00,TLV,LON,108,18,3,0,0,0,293.44 USD
2025-05-15 20:00:00,TLV,PAR,108,20,3,0,0,0,283.83 USD
2025-05-16 05:00:00,TLV,BER,107,5,4,0,0,0,261.61 USD
2025-05-16 05:00:00,TLV,ATH,107,5,4,0,0,0,276.42 USD
2025-05-16 06:00:00,TLV,ROM,107,6,4,0,0,0,293.82 USD
2025-05-16 22:00:00,TLV,BKK,107,22,4,0,0,0,287.28 USD
2025-05-17 01:00:00,TLV,AMS,106,1,5,1,0,0,306.31 USD
2025-05-17 05:00:00,TLV,PAR,106,5,5,1,0,0,298.13 USD
2025-05-17 05:00:00,TLV,AMS,106,5,5,1,0,0,305.32 USD
2025-05-17 07:00:00,TLV,PAR,106,7,5,1,0,0,334.66 USD
2025-05-17 09:00:00,TLV,ROM,106,9,5,1,0,0,323.89 USD
2025-05-17 10:00:00,TLV,BER,106,10,5,1,0,0,324.04 USD
2025-05-17 11:00:00,TLV,DXB,106,11,5,1,0,0,318.72 USD
2025-05-17 19:00:00,TLV,ROM,106,19,5,1,0,0,325.28 USD
2025-05-18 09:00:00,TLV,PAR,105,9,6,1,0,0,308.6 USD
2025-05-18 16:00:00,TLV,AMS,105,16,6,1,0,0,319.9 USD
2025-05-18 16:00:00,TLV,ROM,105,16,6,1,0,0,336.92 USD
2025-05-18 18:00:00,TLV,BER,105,18,6,1,0,0,306.46 USD
2025-05-18 20:00:00,TLV,BKK,105,20,6,1,0,0,314.64 USD
2025-05-18 21:00:00,TLV,AMS,105,21,6,1,0,0,309.22 USD
2025-05-19 02:00:00,TLV,BKK,104,2,0,0,0,0,287.37 USD
2025-05-19 04:00:00,TLV,ROM,104,4,0,0,0,0,272.22 USD
2025-05-19 06:00:00,TLV,ATH,104,6,0,0,0,0,297.54 USD
2025-05-19 09:00:00,TLV,PAR,104,9,0,0,0,0,312.99 USD
2025-05-19 10:00:00,TLV,PAR,104,10,0,0,0,0,315.87 USD
2025-05-19 10:00:00,TLV,BCN,104,10,0,0,0,0,282.93 USD
2025-05-19 16:00:00,TLV,ATH,104,16,0,0,0,0,293.4 USD
2025-05-19 19:00:00,TLV,PAR,104,19,0,0,0,0,278.19 USD
2025-05-19 23:00:00,TLV,AMS,104,23,0,0,0,0,275.55 USD
2025-05-19 23:00:00,TLV,BCN,104,23,0,0,0,0,289.82 USD
2025-05-19 23:00:00,TLV,BKK,104,23,0,0,0,0,273.75 USD
2025-05-20 00:00:00,TLV,LON,104,0,1,0,0,0,253.77 USD
2025-05-20 03:00:00,TLV,BER,103,3,1,0,0,0,292.19 USD
2025-05-20 04:00:00,TLV,PAR,103,4,1,0,0,0,286.92 USD
2025-05-20 04:00:00,TLV,DXB,103,4,1,0,0,0,283.58 USD
2025-05-20 10:00:00,TLV,NYC,103,10,1,0,0,0,294.46 USD
2025-05-20 14:00:00,TLV,ATH,103,14,1,0,0,0,276.44 USD
2025-05-20 17:00:00,TLV,ATH,103,17,1,0,0,0,312.65 USD
2025-05-20 19:00:00,TLV,BCN,103,19,1,0,0,0,297.11 USD
2025-05-21 00:00:00,TLV,PAR,103,0,2,0,0,0,288.61 USD
2025-05-21 04:00:00,TLV,ROM,102,4,2,0,0,0,262.07 USD
2025-05-21 05:00:00,TLV,AMS,102,5,2,0,0,0,267.33 USD
2025-05-21 06:00:00,TLV,ROM,102,6,2,0,0,0,287.78 USD
2025-05-21 07:00:00,TLV,DXB,102,7,2,0,0,0,281.09 USD
2025-05-21 08:00:00,TLV,AMS,102,8,2,0,0,0,309.36 USD
2025-05-21 09:00:00,TLV,NYC,102,9,2,0,0,0,289.9 USD
2025-05-21 15:00:00,TLV,ROM,102,15,2,0,0,0,262.54 USD
2025-05-21 17:00:00,TLV,AMS,102,17,2,0,0,0,303.89 USD
2025-05-21 20:00:00,TLV,LON,102,20,2,0,0,0,314.59 USD
2025-05-22 03:00:00,TLV,PAR,101,3,3,0,0,0,278.64 USD
2025-05-22 15:00:00,TLV,BKK,101,15,3,0,0,0,283.77 USD
2025-05-22 15:00:00,TLV,DXB,101,15,3,0,0,0,278.02 USD
2025-05-22 23:00:00,TLV,DXB,101,23,3,0,0,0,322.8 USD
2025-05-22 23:00:00,TLV,PAR,101,23,3,0,0,0,284.37 USD
2025-05-23 03:00:00,TLV,BKK,100,3,4,0,0,0,280.08 USD
2025-05-23 05:00:00,TLV,LON,100,5,4,0,0,0,261.51 USD
2025-05-23 10:00:00,TLV,DXB,100,10,4,0,0,0,299.83 USD
2025-05-23 10:00:00,TLV,PAR,100,10,4,0,0,0,307.37 USD
2025-05-23 12:00:00,TLV,ROM,100,12,4,0,0,0,285.04 USD
2025-05-23 17:00:00,TLV,BKK,100,17,4,0,0,0,292.59 USD
2025-05-23 18:00:00,TLV,ATH,100,18,4,0,0,0,304.52 USD
2025-05-23 21:00:00,TLV,AMS,100,21,4,0,0,0,301.59 USD
2025-05-24 00:00:00,TLV,NYC,100,0,5,1,0,0,303.79 USD
2025-05-24 05:00:00,TLV,PAR,99,5,5,1,0,0,308.47 USD
2025-05-24 07:00:00,TLV,AMS,99,7,5,1,0,0,329.39 USD
2025-05-24 10:00:00,TLV,ROM,99,10,5,1,0,0,329.75 USD
2025-05-24 11:00:00,TLV,BKK,99,11,5,1,0,0,305.12 USD
2025-05-24 11:00:00,TLV,LON,99,11,5,1,0,0,315.17 USD
2025-05-24 13:00:00,TLV,ATH,99,13,5,1,0,0,333.06 USD
2025-05-25 00:00:00,TLV,BKK,99,0,6,1,0,0,312.86 USD
2025-05-25 05:00:00,TLV,AMS,98,5,6,1,0,0,318.03 USD
2025-05-25 11:00:00,TLV,BKK,98,11,6,1,0,0,327.94 USD
2025-05-25 11:00:00,TLV,ROM,98,11,6,1,0,0,311.09 USD
2025-05-25 14:00:00,TLV,LON,98,14,6,1,0,0,300.36 USD
2025-05-25 15:00:00,TLV,BCN,98,15,6,1,0,0,305.25 USD
2025-05-26 00:00:00,TLV,DXB,98,0,0,0,0,0,292.15 USD
2025-05-26 01:00:00,TLV,PAR,97,1,0,0,0,0,274.59 USD
2025-05-26 01:00:00,TLV,BER,97,1,0,0,0,0,279.82 USD
2025-05-26 02:00:00,TLV,NYC,97,2,0,0,0,0,296.83 USD
2025-05-26 07:00:00,TLV,BER,97,7,0,0,0,0,315.99 USD
2025-05-26 08:00:00,TLV,ATH,97,8,0,0,0,0,325.42 USD
2025-05-26 09:00:00,TLV,ATH,97,9,0,0,0,0,321.56 USD
2025-05-26 12:00:00,TLV,AMS,97,12,0,0,0,0,283.36 USD
2025-05-26 13:00:00,TLV,PAR,97,13,0,0,0,0,286.6 USD
2025-05-26 13:00:00,TLV,LON,97,13,0,0,0,0,298.78 USD
2025-05-26 14:00:00,TLV,BER,97,14,0,0,0,0,265.7 USD
2025-05-26 16:00:00,TLV,AMS,97,16,0,0,0,0,319.72 USD
2025-05-26 17:00:00,TLV,ATH,97,17,0,0,0,0,296.52 USD
2025-05-26 18:00:00,TLV,BCN,97,18,0,0,0,0,307.19 USD
2025-05-26 21:00:00,TLV,DXB,97,21,0,0,0,0,287.94 USD
2025-05-26 22:00:00,TLV,PAR,97,22,0,0,0,0,296.05 USD
2025-05-27 01:00:00,TLV,AMS,96,1,1,0,0,0,271.18 USD
2025-05-27 02:00:00,TLV,AMS,96,2,1,0,0,0,276.74 USD
2025-05-27 04:00:00,TLV,PAR,96,4,1,0,0,0,285.21 USD
2025-05-27 04:00:00,TLV,NYC,96,4,1,0,0,0,273.35 USD
2025-05-27 05:00:00,TLV,NYC,96,5,1,0,0,0,305.63 USD
2025-05-27 06:00:00,TLV,ROM,96,6,1,0,0,0,302.86 USD
2025-05-27 08:00:00,TLV,ATH,96,8,1,0,0,0,316.15 USD
2025-05-27 20:00:00,TLV,LON,96,20,1,0,0,0,296.08 USD
2025-05-27 21:00:00,TLV,PAR,96,21,1,0,0,0,290.86 USD
2025-05-28 01:00:00,TLV,ROM,95,1,2,0,0,0,288.62 USD
2025-05-28 10:00:00,TLV,BER,95,10,2,0,0,0,306.91 USD
2025-05-28 11:00:00,TLV,BKK,95,11,2,0,0,0,297.43 USD
2025-05-28 14:00:00,TLV,ATH,95,14,2,0,0,0,290.56 USD
2025-05-28 16:00:00,TLV,BCN,95,16,2,0,0,0,295.87 USD
2025-05-28 17:00:00,TLV,BCN,95,17,2,0,0,0,295.62 USD
2025-05-28 19:00:00,TLV,NYC,95,19,2,0,0,0,282.43 USD
2025-05-28 22:00:00,TLV,LON,95,22,2,0,0,0,293.23 USD
2025-05-28 22:00:00,TLV,ATH,95,22,2,0,0,0,300.07 USD
2025-05-28 23:00:00,TLV,PAR,95,23,2,0,0,0,285.25 USD
2025-05-29 00:00:00,TLV,PAR,95,0,3,0,0,0,287.92 USD
2025-05-29 01:00:00,TLV,LON,94,1,3,0,0,0,283.05 USD
2025-05-29 01:00:00,TLV,NYC,94,1,3,0,0,0,299.5 USD
2025-05-29 03:00:00,TLV,NYC,94,3,3,0,0,0,278.63 USD
2025-05-29 06:00:00,TLV,ROM,94,6,3,0,0,0,270.28 USD
2025-05-29 07:00:00,TLV,BER,94,7,3,0,0,0,325.31 USD
2025-05-29 08:00:00,TLV,ATH,94,8,3,0,0,0,327.95 USD
2025-05-29 08:00:00,TLV,ROM,94,8,3,0,0,0,322.98 USD
2025-05-29 09:00:00,TLV,ATH,94,9,3,0,0,0,302.7 USD
2025-05-29 10:00:00,TLV,BCN,94,10,3,0,0,0,309.76 USD
2025-05-29 11:00:00,TLV,BCN,94,11,3,0,0,0,295.98 USD
2025-05-29 14:00:00,TLV,NYC,94,14,3,0,0,0,279.41 USD
2025-05-29 15:00:00,TLV,DXB,94,15,3,0,0,0,297.6 USD
2025-05-29 16:00:00,TLV,BER,94,16,3,0,0,0,299.77 USD
2025-05-29 16:00:00,TLV,PAR,94,16,3,0,0,0,313.35 USD
2025-05-29 18:00:00,TLV,LON,94,18,3,0,0,0,303.33 USD
2025-05-29 20:00:00,TLV,PAR,94,20,3,0,0,0,305.36 USD
2025-05-29 21:00:00,TLV,ROM,94,21,3,0,0,0,297.62 USD
2025-05-29 22:00:00,TLV,NYC,94,22,3,0,0,0,295.02 USD
2025-05-30 00:00:00,TLV,BCN,94,0,4,0,0,0,277.71 USD
2025-05-30 01:00:00,TLV,BER,93,1,4,0,0,0,312.51 USD
2025-05-30 01:00:00,TLV,BCN,93,1,4,0,0,0,309.23 USD
2025-05-30 06:00:00,TLV,ROM,93,6,4,0,0,0,315.76 USD
2025-05-30 07:00:00,TLV,LON,93,7,4,0,0,0,319.16 USD
2025-05-30 10:00:00,TLV,ATH,93,10,4,0,0,0,298.83 USD
2025-05-30 11:00:00,TLV,BER,93,11,4,0,0,0,305.29 USD
2025-05-30 12:00:00,TLV,AMS,93,12,4,0,0,0,312.41 USD
2025-05-30 15:00:00,TLV,AMS,93,15,4,0,0,0,283.74 USD
2025-05-30 17:00:00,TLV,BKK,93,17,4,0,0,0,289.95 USD
2025-05-30 17:00:00,TLV,BCN,93,17,4,0,0,0,311.63 USD
2025-05-30 18:00:00,TLV,BER,93,18,4,0,0,0,327.94 USD
2025-05-30 20:00:00,TLV,PAR,93,20,4,0,0,0,300.46 USD
2025-05-31 01:00:00,TLV,ATH,92,1,5,1,0,0,313.33 USD
2025-05-31 17:00:00,TLV,LON,92,17,5,1,0,0,324.95 USD
2025-05-31 18:00:00,TLV,AMS,92,18,5,1,0,0,310.15 USD
2025-05-31 20:00:00,TLV,ATH,92,20,5,1,0,0,322.77 USD
2025-05-31 21:00:00,TLV,ROM,92,21,5,1,0,0,321.95 USD
2025-06-01 01:00:00,TLV,ROM,91,1,6,1,1,0,331.2 USD
2025-06-01 04:00:00,TLV,AMS,91,4,6,1,1,0,339.02 USD
2025-06-01 08:00:00,TLV,DXB,91,8,6,1,1,0,356.13 USD
2025-06-01 10:00:00,TLV,NYC,91,10,6,1,1,0,350.55 USD
2025-06-01 10:00:00,TLV,BER,91,10,6,1,1,0,363.1 USD
2025-06-01 13:00:00,TLV,BKK,91,13,6,1,1,0,345.7 USD
2025-06-01 16:00:00,TLV,BCN,91,16,6,1,1,0,366.58 USD
2025-06-01 17:00:00,TLV,ROM,91,17,6,1,1,0,368.18 USD
2025-06-01 22:00:00,TLV,BER,91,22,6,1,1,0,344.82 USD
2025-06-02 00:00:00,TLV,BCN,91,0,0,0,1,0,291.57 USD
2025-06-02 03:00:00,TLV,BKK,90,3,0,0,1,0,302.19 USD
2025-06-02 05:00:00,TLV,BCN,90,5,0,0,1,0,309.06 USD
2025-06-02 07:00:00,TLV,NYC,90,7,0,0,1,0,320.5 USD
2025-06-02 07:00:00,TLV,LON,90,7,0,0,1,0,360.46 USD
2025-06-02 11:00:00,TLV,BCN,90,11,0,0,1,0,332.45 USD
2025-06-02 14:00:00,TLV,AMS,90,14,0,0,1,0,331.35 USD
2025-06-02 15:00:00,TLV,BKK,90,15,0,0,1,0,285.1 USD
2025-06-02 16:00:00,TLV,NYC,90,16,0,0,1,0,322.78 USD
2025-06-02 20:00:00,TLV,ATH,90,20,0,0,1,0,356.23 USD
2025-06-02 20:00:00,TLV,AMS,90,20,0,0,1,0,341.46 USD
2025-06-02 22:00:00,TLV,AMS,90,22,0,0,1,0,308.75 USD
2025-06-03 00:00:00,TLV,BER,90,0,1,0,1,0,307.59 USD
2025-06-03 01:00:00,TLV,PAR,89,1,1,0,1,0,326.18 USD
2025-06-03 02:00:00,TLV,ROM,89,2,1,0,1,0,318.43 USD
2025-06-03 05:00:00,TLV,BCN,89,5,1,0,1,0,331.27 USD
2025-06-03 09:00:00,TLV,ROM,89,9,1,0,1,0,332.32 USD
2025-06-03 09:00:00,TLV,ATH,89,9,1,0,1,0,364.02 USD
2025-06-03 15:00:00,TLV,PAR,89,15,1,0,1,0,316.29 USD
2025-06-03 20:00:00,TLV,NYC,89,20,1,0,1,0,349.12 USD
2025-06-04 04:00:00,TLV,BKK,88,4,2,0,1,0,314.9 USD
2025-06-04 06:00:00,TLV,DXB,88,6,2,0,1,0,334.78 USD
2025-06-04 08:00:00,TLV,BKK,88,8,2,0,1,0,356.29 USD
2025-06-04 09:00:00,TLV,BER,88,9,2,0,1,0,338.73 USD
2025-06-04 14:00:00,TLV,BKK,88,14,2,0,1,0,336.32 USD
2025-06-04 16:00:00,TLV,LON,88,16,2,0,1,0,308.12 USD
2025-06-04 19:00:00,TLV,BER,88,19,2,0,1,0,338.95 USD
2025-06-04 19:00:00,TLV,BER,88,19,2,0,1,0,343.98 USD
2025-06-04 20:00:00,TLV,AMS,88,20,2,0,1,0,332.39 USD
2025-06-04 20:00:00,TLV,BER,88,20,2,0,1,0,328.89 USD
2025-06-04 21:00:00,TLV,DXB,88,21,2,0,1,0,319.73 USD
2025-06-05 04:00:00,TLV,DXB,87,4,3,0,1,0,321.46 USD
2025-06-05 06:00:00,TLV,BER,87,6,3,0,1,0,311.04 USD
2025-06-05 11:00:00,TLV,LON,87,11,3,0,1,0,341.71 USD
2025-06-06 02:00:00,TLV,BKK,86,2,4,0,1,0,314.29 USD
2025-06-06 05:00:00,TLV,BCN,86,5,4,0,1,0,322.92 USD
2025-06-06 09:00:00,TLV,BCN,86,9,4,0,1,0,333.22 USD
2025-06-06 11:00:00,TLV,DXB,86,11,4,0,1,0,317.49 USD
2025-06-06 21:00:00,TLV,AMS,86,21,4,0,1,0,319.97 USD
2025-06-06 23:00:00,TLV,PAR,86,23,4,0,1,0,335.25 USD
2025-06-06 23:00:00,TLV,ROM,86,23,4,0,1,0,340.32 USD
2025-06-07 05:00:00,TLV,NYC,85,5,5,1,1,0,356.22 USD
2025-06-07 06:00:00,TLV,ATH,85,6,5,1,1,0,347.7 USD
2025-06-07 09:00:00,TLV,ATH,85,9,5,1,1,0,357.92 USD
2025-06-07 09:00:00,TLV,DXB,85,9,5,1,1,0,372.27 USD
2025-06-07 09:00:00,TLV,AMS,85,9,5,1,1,0,361.52 USD
2025-06-07 14:00:00,TLV,BER,85,14,5,1,1,0,341.92 USD
2025-06-07 22:00:00,TLV,BCN,85,22,5,1,1,0,361.93 USD
2025-06-07 22:00:00,TLV,BER,85,22,5,1,1,0,358.35 USD
2025-06-08 06:00:00,TLV,BKK,84,6,6,1,1,0,344.28 USD
2025-06-08 14:00:00,TLV,ROM,84,14,6,1,1,0,341.91 USD
2025-06-08 16:00:00,TLV,ROM,84,16,6,1,1,0,338.41 USD
2025-06-08 20:00:00,TLV,ROM,84,20,6,1,1,0,366.76 USD
2025-06-09 18:00:00,TLV,BKK,83,18,0,0,1,0,349.39 USD
2025-06-09 20:00:00,TLV,ATH,83,20,0,0,1,0,338.68 USD
2025-06-09 22:00:00,TLV,AMS,83,22,0,0,1,0,313.79 USD
2025-06-09 23:00:00,TLV,BKK,83,23,0,0,1,0,311.19 USD
2025-06-09 23:00:00,TLV,AMS,83,23,0,0,1,0,318.24 USD
2025-06-10 04:00:00,TLV,ROM,82,4,1,0,1,0,324.98 USD
2025-06-10 07:00:00,TLV,BCN,82,7,1,0,1,0,343.88 USD
2025-06-10 08:00:00,TLV,AMS,82,8,1,0,1,0,356.77 USD
2025-06-10 12:00:00,TLV,BCN,82,12,1,0,1,0,337.43 USD
2025-06-10 15:00:00,TLV,PAR,82,15,1,0,1,0,317.17 USD
2025-06-10 15:00:00,TLV,BCN,82,15,1,0,1,0,347.84 USD
2025-06-10 21:00:00,TLV,LON,82,21,1,0,1,0,334.95 USD
2025-06-11 00:00:00,TLV,DXB,82,0,2,0,1,0,335.86 USD
2025-06-11 01:00:00,TLV,ATH,81,1,2,0,1,0,302.61 USD
2025-06-11 04:00:00,TLV,BCN,81,4,2,0,1,0,307.6 USD
2025-06-11 08:00:00,TLV,BKK,81,8,2,0,1,0,326.41 USD
2025-06-11 10:00:00,TLV,PAR,81,10,2,0,1,0,355.5 USD
2025-06-11 11:00:00,TLV,DXB,81,11,2,0,1,0,334.5 USD
2025-06-11 13:00:00,TLV,LON,81,13,2,0,1,0,339.35 USD
2025-06-11 16:00:00,TLV,ROM,81,16,2,0,1,0,316.61 USD
2025-06-11 19:00:00,TLV,LON,81,19,2,0,1,0,339.91 USD
2025-06-12 00:00:00,TLV,ATH,81,0,3,0,1,0,333.02 USD
2025-06-12 00:00:00,TLV,DXB,81,0,3,0,1,0,314.2 USD
2025-06-12 06:00:00,TLV,DXB,80,6,3,0,1,0,313.93 USD
2025-06-12 06:00:00,TLV,AMS,80,6,3,0,1,0,328.99 USD
2025-06-12 07:00:00,TLV,PAR,80,7,3,0,1,0,355.54 USD
2025-06-12 09:00:00,TLV,BKK,80,9,3,0,1,0,334.99 USD
2025-06-12 10:00:00,TLV,LON,80,10,3,0,1,0,349.63 USD
2025-06-12 15:00:00,TLV,PAR,80,15,3,0,1,0,311.0 USD
2025-06-12 17:00:00,TLV,DXB,80,17,3,0,1,0,350.41 USD
2025-06-12 20:00:00,TLV,BKK,80,20,3,0,1,0,332.56 USD
2025-06-12 21:00:00,TLV,LON,80,21,3,0,1,0,343.41 USD
2025-06-13 03:00:00,TLV,DXB,79,3,4,0,1,0,308.85 USD
2025-06-13 19:00:00,TLV,AMS,79,19,4,0,1,0,342.53 USD
2025-06-13 21:00:00,TLV,BKK,79,21,4,0,1,0,329.76 USD
2025-06-14 00:00:00,TLV,LON,79,0,5,1,1,0,346.83 USD
2025-06-14 03:00:00,TLV,LON,78,3,5,1,1,0,362.58 USD
2025-06-14 04:00:00,TLV,ROM,78,4,5,1,1,0,333.6 USD
2025-06-14 06:00:00,TLV,PAR,78,6,5,1,1,0,351.08 USD
2025-06-14 09:00:00,TLV,LON,78,9,5,1,1,0,360.25 USD
2025-06-14 09:00:00,TLV,BCN,78,9,5,1,1,0,369.26 USD
2025-06-14 11:00:00,TLV,BER,78,11,5,1,1,0,360.87 USD
2025-06-14 19:00:00,TLV,NYC,78,19,5,1,1,0,380.85 USD
2025-06-14 20:00:00,TLV,BKK,78,20,5,1,1,0,346.16 USD
2025-06-15 00:00:00,TLV,AMS,78,0,6,1,1,0,346.09 USD
2025-06-15 01:00:00,TLV,ROM,77,1,6,1,1,0,340.67 USD
2025-06-15 06:00:00,TLV,BCN,77,6,6,1,1,0,361.86 USD
2025-06-15 07:00:00,TLV,BCN,77,7,6,1,1,0,381.49 USD
2025-06-15 13:00:00,TLV,BER,77,13,6,1,1,0,363.03 USD
2025-06-15 18:00:00,TLV,AMS,77,18,6,1,1,0,376.54 USD
2025-06-15 21:00:00,TLV,NYC,77,21,6,1,1,0,357.23 USD
2025-06-16 00:00:00,TLV,BKK,77,0,0,0,1,0,322.92 USD
2025-06-16 07:00:00,TLV,DXB,76,7,0,0,1,0,331.18 USD
2025-06-16 10:00:00,TLV,ATH,76,10,0,0,1,0,341.61 USD
2025-06-16 10:00:00,TLV,ATH,76,10,0,0,1,0,355.47 USD
2025-06-16 13:00:00,TLV,DXB,76,13,0,0,1,0,331.77 USD
2025-06-16 17:00:00,TLV,PAR,76,17,0,0,1,0,332.9 USD
2025-06-16 18:00:00,TLV,BKK,76,18,0,0,1,0,323.58 USD
2025-06-16 19:00:00,TLV,LON,76,19,0,0,1,0,348.52 USD
2025-06-17 06:00:00,TLV,BER,75,6,1,0,1,0,346.2 USD
2025-06-17 08:00:00,TLV,BKK,75,8,1,0,1,0,361.69 USD
2025-06-17 10:00:00,TLV,PAR,75,10,1,0,1,0,365.0 USD
2025-06-17 11:00:00,TLV,BER,75,11,1,0,1,0,340.92 USD
2025-06-17 12:00:00,TLV,AMS,75,12,1,0,1,0,339.12 USD
2025-06-17 15:00:00,TLV,BER,75,15,1,0,1,0,322.08 USD
2025-06-17 18:00:00,TLV,BER,75,18,1,0,1,0,343.39 USD
2025-06-18 04:00:00,TLV,BCN,74,4,2,0,1,0,307.8 USD
2025-06-18 17:00:00,TLV,NYC,74,17,2,0,1,0,336.33 USD
2025-06-18 18:00:00,TLV,DXB,74,18,2,0,1,0,349.27 USD
2025-06-18 19:00:00,TLV,AMS,74,19,2,0,1,0,357.32 USD
2025-06-18 21:00:00,TLV,ROM,74,21,2,0,1,0,330.16 USD
2025-06-19 02:00:00,TLV,AMS,73,2,3,0,1,0,337.3 USD
2025-06-19 07:00:00,TLV,LON,73,7,3,0,1,0,349.85 USD
2025-06-19 09:00:00,TLV,DXB,73,9,3,0,1,0,366.23 USD
2025-06-19 12:00:00,TLV,BCN,73,12,3,0,1,0,343.5 USD
2025-06-19 13:00:00,TLV,NYC,73,13,3,0,1,0,341.17 USD
2025-06-19 14:00:00,TLV,DXB,73,14,3,0,1,0,328.3 USD
2025-06-19 16:00:00,TLV,ATH,73,16,3,0,1,0,349.17 USD
2025-06-19 19:00:00,TLV,NYC,73,19,3,0,1,0,361.96 USD
2025-06-19 21:00:00,TLV,BER,73,21,3,0,1,0,329.82 USD
2025-06-20 00:00:00,TLV,LON,73,0,4,0,1,0,307.67 USD
2025-06-20 05:00:00,TLV,BER,72,5,4,0,1,0,334.55 USD
2025-06-20 22:00:00,TLV,BCN,72,22,4,0,1,0,334.63 USD
2025-06-21 01:00:00,TLV,BKK,71,1,5,1,1,0,356.65 USD
2025-06-21 01:00:00,TLV,ATH,71,1,5,1,1,0,341.1 USD
2025-06-21 03:00:00,TLV,BER,71,3,5,1,1,0,361.63 USD
2025-06-21 05:00:00,TLV,ROM,71,5,5,1,1,0,342.01 USD
2025-06-21 05:00:00,TLV,DXB,71,5,5,1,1,0,382.42 USD
2025-06-21 07:00:00,TLV,NYC,71,7,5,1,1,0,380.4 USD
2025-06-21 12:00:00,TLV,PAR,71,12,5,1,1,0,372.64 USD
2025-06-21 20:00:00,TLV,LON,71,20,5,1,1,0,366.78 USD
2025-06-21 21:00:00,TLV,LON,71,21,5,1,1,0,365.99 USD
2025-06-22 00:00:00,TLV,BCN,71,0,6,1,1,0,330.82 USD
2025-06-22 05:00:00,TLV,BER,70,5,6,1,1,0,333.88 USD
2025-06-22 08:00:00,TLV,BCN,70,8,6,1,1,0,384.57 USD
2025-06-22 09:00:00,TLV,LON,70,9,6,1,1,0,377.57 USD
2025-06-22 09:00:00,TLV,BCN,70,9,6,1,1,0,396.06 USD
2025-06-22 10:00:00,TLV,ROM,70,10,6,1,1,0,388.65 USD
2025-06-22 16:00:00,TLV,DXB,70,16,6,1,1,0,347.35 USD
2025-06-22 19:00:00,TLV,PAR,70,19,6,1,1,0,366.45 USD
2025-06-22 23:00:00,TLV,AMS,70,23,6,1,1,0,377.42 USD
2025-06-23 05:00:00,TLV,AMS,69,5,0,0,1,0,336.63 USD
2025-06-23 17:00:00,TLV,LON,69,17,0,0,1,0,345.13 USD
2025-06-23 20:00:00,TLV,BER,69,20,0,0,1,0,358.53 USD
2025-06-23 20:00:00,TLV,BKK,69,20,0,0,1,0,367.64 USD
2025-06-24 03:00:00,TLV,LON,68,3,1,0,1,0,344.66 USD
2025-06-24 10:00:00,TLV,BKK,68,10,1,0,1,0,351.21 USD
2025-06-24 11:00:00,TLV,BKK,68,11,1,0,1,0,338.16 USD
2025-06-24 15:00:00,TLV,DXB,68,15,1,0,1,0,338.98 USD
2025-06-24 17:00:00,TLV,BKK,68,17,1,0,1,0,354.76 USD
2025-06-24 17:00:00,TLV,AMS,68,17,1,0,1,0,344.21 USD
2025-06-24 18:00:00,TLV,DXB,68,18,1,0,1,0,363.62 USD
2025-06-25 02:00:00,TLV,ROM,67,2,2,0,1,0,334.85 USD
2025-06-25 05:00:00,TLV,DXB,67,5,2,0,1,0,339.85 USD
2025-06-25 07:00:00,TLV,BKK,67,7,2,0,1,0,340.1 USD
2025-06-25 13:00:00,TLV,BKK,67,13,2,0,1,0,356.1 USD
2025-06-25 15:00:00,TLV,PAR,67,15,2,0,1,0,356.06 USD
2025-06-25 20:00:00,TLV,AMS,67,20,2,0,1,0,369.56 USD
2025-06-25 20:00:00,TLV,BER,67,20,2,0,1,0,349.78 USD
2025-06-25 21:00:00,TLV,BER,67,21,2,0,1,0,350.1 USD
2025-06-25 23:00:00,TLV,ATH,67,23,2,0,1,0,339.2 USD
2025-06-26 00:00:00,TLV,BCN,67,0,3,0,1,0,343.07 USD
2025-06-26 01:00:00,TLV,DXB,66,1,3,0,1,0,340.26 USD
2025-06-26 05:00:00,TLV,ATH,66,5,3,0,1,0,321.06 USD
2025-06-26 07:00:00,TLV,NYC,66,7,3,0,1,0,362.23 USD
2025-06-26 08:00:00,TLV,AMS,66,8,3,0,1,0,349.95 USD
2025-06-26 12:00:00,TLV,DXB,66,12,3,0,1,0,336.24 USD
2025-06-26 17:00:00,TLV,DXB,66,17,3,0,1,0,352.91 USD
2025-06-26 18:00:00,TLV,BCN,66,18,3,0,1,0,346.33 USD
2025-06-26 19:00:00,TLV,NYC,66,19,3,0,1,0,356.8 USD
2025-06-26 21:00:00,TLV,BCN,66,21,3,0,1,0,351.02 USD
2025-06-26 22:00:00,TLV,BKK,66,22,3,0,1,0,356.53 USD
2025-06-26 22:00:00,TLV,ROM,66,22,3,0,1,0,327.44 USD
2025-06-26 23:00:00,TLV,BKK,66,23,3,0,1,0,337.59 USD
2025-06-27 00:00:00,TLV,AMS,66,0,4,0,1,0,355.4 USD
2025-06-27 01:00:00,TLV,PAR,65,1,4,0,1,0,341.51 USD
2025-06-27 02:00:00,TLV,PAR,65,2,4,0,1,0,347.16 USD
2025-06-27 03:00:00,TLV,LON,65,3,4,0,1,0,317.35 USD
2025-06-27 08:00:00,TLV,AMS,65,8,4,0,1,0,376.65 USD
2025-06-27 09:00:00,TLV,ROM,65,9,4,0,1,0,365.2 USD
2025-06-27 09:00:00,TLV,NYC,65,9,4,0,1,0,360.93 USD
2025-06-27 11:00:00,TLV,AMS,65,11,4,0,1,0,341.72 USD
2025-06-27 16:00:00,TLV,BCN,65,16,4,0,1,0,338.26 USD
2025-06-27 20:00:00,TLV,NYC,65,20,4,0,1,0,355.53 USD
2025-06-28 01:00:00,TLV,PAR,64,1,5,1,1,0,357.35 USD
2025-06-28 02:00:00,TLV,LON,64,2,5,1,1,0,357.61 USD
2025-06-28 06:00:00,TLV,DXB,64,6,5,1,1,0,379.78 USD
2025-06-28 08:00:00,TLV,BER,64,8,5,1,1,0,374.29 USD
2025-06-28 08:00:00,TLV,DXB,64,8,5,1,1,0,363.8 USD
2025-06-28 09:00:00,TLV,BER,64,9,5,1,1,0,392.01 USD
2025-06-28 13:00:00,TLV,NYC,64,13,5,1,1,0,378.44 USD
2025-06-28 14:00:00,TLV,ATH,64,14,5,1,1,0,366.86 USD
2025-06-28 14:00:00,TLV,BKK,64,14,5,1,1,0,366.33 USD
2025-06-28 17:00:00,TLV,DXB,64,17,5,1,1,0,373.39 USD
2025-06-28 19:00:00,TLV,BCN,64,19,5,1,1,0,343.58 USD
2025-06-28 19:00:00,TLV,ROM,64,19,5,1,1,0,401.04 USD
2025-06-28 19:00:00,TLV,PAR,64,19,5,1,1,0,370.13 USD
2025-06-28 22:00:00,TLV,BCN,64,22,5,1,1,0,375.52 USD
2025-06-28 23:00:00,TLV,AMS,64,23,5,1,1,0,377.98 USD
2025-06-29 02:00:00,TLV,AMS,63,2,6,1,1,0,360.91 USD
2025-06-29 06:00:00,TLV,LON,63,6,6,1,1,0,378.46 USD
2025-06-29 13:00:00,TLV,ATH,63,13,6,1,1,0,365.43 USD
2025-06-29 16:00:00,TLV,LON,63,16,6,1,1,0,379.99 USD
2025-06-29 22:00:00,TLV,ROM,63,22,6,1,1,0,376.39 USD
2025-06-29 22:00:00,TLV,PAR,63,22,6,1,1,0,356.57 USD
2025-06-30 00:00:00,TLV,ATH,63,0,0,0,1,0,335.21 USD
2025-06-30 00:00:00,TLV,BKK,63,0,0,0,1,0,335.56 USD
2025-06-30 03:00:00,TLV,BCN,62,3,0,0,1,0,354.11 USD
2025-06-30 03:00:00,TLV,LON,62,3,0,0,1,0,330.28 USD
2025-06-30 06:00:00,TLV,DXB,62,6,0,0,1,0,354.89 USD
2025-06-30 08:00:00,TLV,NYC,62,8,0,0,1,0,352.46 USD
2025-06-30 16:00:00,TLV,AMS,62,16,0,0,1,0,339.48 USD
2025-06-30 16:00:00,TLV,AMS,62,16,0,0,1,0,349.84 USD
2025-06-30 23:00:00,TLV,BER,62,23,0,0,1,0,344.51 USD
2025-07-01 00:00:00,TLV,PAR,62,0,1,0,1,0,335.27 USD
2025-07-01 00:00:00,TLV,BER,62,0,1,0,1,0,325.55 USD
2025-07-01 06:00:00,TLV,NYC,61,6,1,0,1,0,371.42 USD
2025-07-01 07:00:00,TLV,NYC,61,7,1,0,1,0,374.58 USD
2025-07-01 12:00:00,TLV,NYC,61,12,1,0,1,0,378.86 USD
2025-07-01 16:00:00,TLV,BCN,61,16,1,0,1,0,339.12 USD
2025-07-01 17:00:00,TLV,LON,61,17,1,0,1,0,372.81 USD
2025-07-01 17:00:00,TLV,BER,61,17,1,0,1,0,350.84 USD
2025-07-01 21:00:00,TLV,ROM,61,21,1,0,1,0,339.62 USD
2025-07-01 22:00:00,TLV,NYC,61,22,1,0,1,0,362.09 USD
2025-07-02 05:00:00,TLV,BCN,60,5,2,0,1,0,341.66 USD
2025-07-02 10:00:00,TLV,ROM,60,10,2,0,1,0,368.84 USD
2025-07-02 13:00:00,TLV,LON,60,13,2,0,1,0,380.61 USD
2025-07-02 14:00:00,TLV,BCN,60,14,2,0,1,0,336.74 USD
2025-07-02 15:00:00,TLV,NYC,60,15,2,0,1,0,350.58 USD
2025-07-02 16:00:00,TLV,PAR,60,16,2,0,1,0,342.85 USD
2025-07-02 22:00:00,TLV,BER,60,22,2,0,1,0,345.01 USD
2025-07-03 08:00:00,TLV,ROM,59,8,3,0,1,0,348.86 USD
2025-07-03 11:00:00,TLV,PAR,59,11,3,0,1,0,318.28 USD
2025-07-03 11:00:00,TLV,PAR,59,11,3,0,1,0,350.61 USD
2025-07-03 16:00:00,TLV,ATH,59,16,3,0,1,0,349.57 USD
2025-07-03 16:00:00,TLV,BER,59,16,3,0,1,0,346.73 USD
2025-07-03 18:00:00,TLV,ATH,59,18,3,0,1,0,345.81 USD
2025-07-03 21:00:00,TLV,BCN,59,21,3,0,1,0,359.32 USD
2025-07-03 21:00:00,TLV,NYC,59,21,3,0,1,0,344.63 USD
2025-07-04 00:00:00,TLV,LON,59,0,4,0,1,0,339.98 USD
2025-07-04 07:00:00,TLV,DXB,58,7,4,0,1,0,384.35 USD
2025-07-04 08:00:00,TLV,PAR,58,8,4,0,1,0,354.7 USD
2025-07-04 10:00:00,TLV,NYC,58,10,4,0,1,0,348.87 USD
2025-07-04 10:00:00,TLV,ROM,58,10,4,0,1,0,368.08 USD
2025-07-04 15:00:00,TLV,BER,58,15,4,0,1,0,336.73 USD
2025-07-04 15:00:00,TLV,DXB,58,15,4,0,1,0,356.23 USD
2025-07-04 15:00:00,TLV,BKK,58,15,4,0,1,0,338.87 USD
2025-07-04 16:00:00,TLV,NYC,58,16,4,0,1,0,320.62 USD
2025-07-04 19:00:00,TLV,BKK,58,19,4,0,1,0,346.85 USD
2025-07-05 00:00:00,TLV,BER,58,0,5,1,1,0,347.36 USD
2025-07-05 02:00:00,TLV,AMS,57,2,5,1,1,0,347.81 USD
2025-07-05 03:00:00,TLV,ROM,57,3,5,1,1,0,352.8 USD
2025-07-05 05:00:00,TLV,PAR,57,5,5,1,1,0,368.6 USD
2025-07-05 07:00:00,TLV,NYC,57,7,5,1,1,0,385.57 USD
2025-07-05 08:00:00,TLV,ROM,57,8,5,1,1,0,376.9 USD
2025-07-05 10:00:00,TLV,AMS,57,10,5,1,1,0,412.1 USD
2025-07-05 10:00:00,TLV,NYC,57,10,5,1,1,0,390.48 USD
2025-07-05 18:00:00,TLV,LON,57,18,5,1,1,0,366.39 USD
2025-07-05 19:00:00,TLV,ROM,57,19,5,1,1,0,376.35 USD
2025-07-05 22:00:00,TLV,BER,57,22,5,1,1,0,379.52 USD
2025-07-06 01:00:00,TLV,DXB,56,1,6,1,1,0,368.19 USD
2025-07-06 04:00:00,TLV,DXB,56,4,6,1,1,0,361.65 USD
2025-07-06 04:00:00,TLV,LON,56,4,6,1,1,0,346.07 USD
2025-07-06 06:00:00,TLV,BKK,56,6,6,1,1,0,385.81 USD
2025-07-06 06:00:00,TLV,BER,56,6,6,1,1,0,351.44 USD
2025-07-06 07:00:00,TLV,PAR,56,7,6,1,1,0,380.86 USD
2025-07-06 09:00:00,TLV,PAR,56,9,6,1,1,0,411.0 USD
2025-07-06 13:00:00,TLV,BER,56,13,6,1,1,0,349.18 USD
2025-07-06 15:00:00,TLV,PAR,56,15,6,1,1,0,360.52 USD
2025-07-06 17:00:00,TLV,AMS,56,17,6,1,1,0,385.4 USD
2025-07-06 19:00:00,TLV,ATH,56,19,6,1,1,0,378.14 USD
2025-07-06 23:00:00,TLV,LON,56,23,6,1,1,0,358.57 USD
2025-07-07 00:00:00,TLV,AMS,56,0,0,0,1,0,326.97 USD
2025-07-07 03:00:00,TLV,ATH,55,3,0,0,1,0,333.53 USD
2025-07-07 06:00:00,TLV,DXB,55,6,0,0,1,0,355.21 USD
2025-07-07 07:00:00,TLV,ROM,55,7,0,0,1,0,361.95 USD
2025-07-07 17:00:00,TLV,AMS,55,17,0,0,1,0,350.78 USD
2025-07-07 18:00:00,TLV,BER,55,18,0,0,1,0,363.0 USD
2025-07-07 23:00:00,TLV,BCN,55,23,0,0,1,0,346.64 USD
2025-07-08 04:00:00,TLV,BCN,54,4,1,0,1,0,372.0 USD
2025-07-08 05:00:00,TLV,ROM,54,5,1,0,1,0,329.59 USD
2025-07-08 05:00:00,TLV,NYC,54,5,1,0,1,0,335.84 USD
2025-07-08 09:00:00,TLV,NYC,54,9,1,0,1,0,378.44 USD
2025-07-08 19:00:00,TLV,ATH,54,19,1,0,1,0,390.43 USD
2025-07-08 20:00:00,TLV,ATH,54,20,1,0,1,0,359.94 USD
2025-07-09 04:00:00,TLV,PAR,53,4,2,0,1,0,333.72 USD
2025-07-09 06:00:00,TLV,PAR,53,6,2,0,1,0,355.28 USD
2025-07-09 07:00:00,TLV,PAR,53,7,2,0,1,0,362.04 USD
2025-07-09 13:00:00,TLV,AMS,53,13,2,0,1,0,359.58 USD
2025-07-09 17:00:00,TLV,LON,53,17,2,0,1,0,371.31 USD
2025-07-09 18:00:00,TLV,BKK,53,18,2,0,1,0,358.36 USD
2025-07-10 03:00:00,TLV,BER,52,3,3,0,1,0,345.88 USD
2025-07-10 04:00:00,TLV,ATH,52,4,3,0,1,0,339.45 USD
2025-07-10 06:00:00,TLV,AMS,52,6,3,0,1,0,364.76 USD
2025-07-10 06:00:00,TLV,ATH,52,6,3,0,1,0,341.19 USD
2025-07-10 08:00:00,TLV,AMS,52,8,3,0,1,0,380.11 USD
2025-07-10 08:00:00,TLV,AMS,52,8,3,0,1,0,369.86 USD
2025-07-10 09:00:00,TLV,NYC,52,9,3,0,1,0,380.3 USD
2025-07-10 11:00:00,TLV,NYC,52,11,3,0,1,0,351.87 USD
2025-07-10 12:00:00,TLV,ATH,52,12,3,0,1,0,354.91 USD
2025-07-10 19:00:00,TLV,BER,52,19,3,0,1,0,357.84 USD
2025-07-10 19:00:00,TLV,LON,52,19,3,0,1,0,374.29 USD
2025-07-10 20:00:00,TLV,ATH,52,20,3,0,1,0,373.33 USD
2025-07-10 21:00:00,TLV,NYC,52,21,3,0,1,0,361.37 USD
2025-07-11 00:00:00,TLV,LON,52,0,4,0,1,0,359.8 USD
2025-07-11 00:00:00,TLV,DXB,52,0,4,0,1,0,349.71 USD
2025-07-11 01:00:00,TLV,DXB,51,1,4,0,1,0,361.02 USD
2025-07-11 07:00:00,TLV,BCN,51,7,4,0,1,0,365.17 USD
2025-07-11 09:00:00,TLV,ROM,51,9,4,0,1,0,375.98 USD
2025-07-11 14:00:00,TLV,BER,51,14,4,0,1,0,334.46 USD
2025-07-11 15:00:00,TLV,BER,51,15,4,0,1,0,354.66 USD
2025-07-11 20:00:00,TLV,NYC,51,20,4,0,1,0,376.32 USD
2025-07-11 21:00:00,TLV,LON,51,21,4,0,1,0,364.09 USD
2025-07-12 03:00:00,TLV,NYC,50,3,5,1,1,0,338.08 USD
2025-07-12 08:00:00,TLV,BER,50,8,5,1,1,0,392.18 USD
2025-07-12 08:00:00,TLV,LON,50,8,5,1,1,0,404.43 USD
2025-07-12 08:00:00,TLV,BKK,50,8,5,1,1,0,376.09 USD
2025-07-12 12:00:00,TLV,DXB,50,12,5,1,1,0,360.87 USD
2025-07-12 14:00:00,TLV,BER,50,14,5,1,1,0,371.91 USD
2025-07-12 15:00:00,TLV,DXB,50,15,5,1,1,0,400.41 USD
2025-07-12 15:00:00,TLV,LON,50,15,5,1,1,0,394.32 USD
2025-07-12 19:00:00,TLV,BER,50,19,5,1,1,0,394.86 USD
2025-07-12 21:00:00,TLV,BKK,50,21,5,1,1,0,372.47 USD
2025-07-12 21:00:00,TLV,NYC,50,21,5,1,1,0,389.53 USD
2025-07-12 21:00:00,TLV,AMS,50,21,5,1,1,0,374.55 USD
2025-07-12 22:00:00,TLV,DXB,50,22,5,1,1,0,395.24 USD
2025-07-13 00:00:00,TLV,ATH,50,0,6,1,1,0,372.07 USD
2025-07-13 00:00:00,TLV,PAR,50,0,6,1,1,0,375.34 USD
2025-07-13 02:00:00,TLV,BER,49,2,6,1,1,0,355.64 USD
2025-07-13 04:00:00,TLV,AMS,49,4,6,1,1,0,389.63 USD
2025-07-13 16:00:00,TLV,BER,49,16,6,1,1,0,375.56 USD
2025-07-13 20:00:00,TLV,BCN,49,20,6,1,1,0,395.49 USD
2025-07-13 21:00:00,TLV,NYC,49,21,6,1,1,0,372.2 USD
2025-07-14 00:00:00,TLV,DXB,49,0,0,0,1,0,346.8 USD
2025-07-14 02:00:00,TLV,BKK,48,2,0,0,1,0,343.33 USD
2025-07-14 03:00:00,TLV,BCN,48,3,0,0,1,0,343.41 USD
2025-07-14 08:00:00,TLV,PAR,48,8,0,0,1,0,376.3 USD
2025-07-14 08:00:00,TLV,LON,48,8,0,0,1,0,356.3 USD
2025-07-14 08:00:00,TLV,PAR,48,8,0,0,1,0,367.91 USD
2025-07-14 11:00:00,TLV,NYC,48,11,0,0,1,0,351.95 USD
2025-07-14 11:00:00,TLV,BER,48,11,0,0,1,0,385.94 USD
2025-07-14 12:00:00,TLV,BER,48,12,0,0,1,0,356.0 USD
2025-07-14 13:00:00,TLV,PAR,48,13,0,0,1,0,349.04 USD
2025-07-14 13:00:00,TLV,LON,48,13,0,0,1,0,354.54 USD
2025-07-14 16:00:00,TLV,PAR,48,16,0,0,1,0,369.34 USD
2025-07-15 02:00:00,TLV,LON,47,2,1,0,1,0,327.37 USD
2025-07-15 02:00:00,TLV,NYC,47,2,1,0,1,0,351.2 USD
2025-07-15 02:00:00,TLV,ATH,47,2,1,0,1,0,363.0 USD
2025-07-15 03:00:00,TLV,AMS,47,3,1,0,1,0,365.84 USD
2025-07-15 06:00:00,TLV,BCN,47,6,1,0,1,0,358.85 USD
2025-07-15 07:00:00,TLV,NYC,47,7,1,0,1,0,386.35 USD
2025-07-15 09:00:00,TLV,AMS,47,9,1,0,1,0,371.93 USD
2025-07-15 09:00:00,TLV,BKK,47,9,1,0,1,0,378.13 USD
2025-07-15 10:00:00,TLV,ROM,47,10,1,0,1,0,358.1 USD
2025-07-15 12:00:00,TLV,PAR,47,12,1,0,1,0,358.62 USD
2025-07-15 15:00:00,TLV,ROM,47,15,1,0,1,0,359.79 USD
2025-07-15 18:00:00,TLV,AMS,47,18,1,0,1,0,347.01 USD
2025-07-15 22:00:00,TLV,BKK,47,22,1,0,1,0,384.37 USD
2025-07-15 23:00:00,TLV,LON,47,23,1,0,1,0,349.59 USD
2025-07-15 23:00:00,TLV,ROM,47,23,1,0,1,0,352.29 USD
2025-07-15 23:00:00,TLV,BCN,47,23,1,0,1,0,356.54 USD
2025-07-16 00:00:00,TLV,LON,47,0,2,0,1,0,380.24 USD
2025-07-16 09:00:00,TLV,LON,46,9,2,0,1,0,389.37 USD
2025-07-16 10:00:00,TLV,NYC,46,10,2,0,1,0,384.27 USD
2025-07-16 13:00:00,TLV,BCN,46,13,2,0,1,0,352.08 USD
2025-07-16 20:00:00,TLV,ROM,46,20,2,0,1,0,346.37 USD
2025-07-16 20:00:00,TLV,ATH,46,20,2,0,1,0,357.14 USD
2025-07-17 00:00:00,TLV,ATH,46,0,3,0,1,0,353.6 USD
2025-07-17 03:00:00,TLV,ATH,45,3,3,0,1,0,350.92 USD
2025-07-17 06:00:00,TLV,NYC,45,6,3,0,1,0,370.97 USD
2025-07-17 07:00:00,TLV,ATH,45,7,3,0,1,0,367.88 USD
2025-07-17 08:00:00,TLV,BCN,45,8,3,0,1,0,351.22 USD
2025-07-17 12:00:00,TLV,ATH,45,12,3,0,1,0,365.56 USD
2025-07-17 12:00:00,TLV,DXB,45,12,3,0,1,0,366.3 USD
2025-07-17 17:00:00,TLV,DXB,45,17,3,0,1,0,378.18 USD
2025-07-17 18:00:00,TLV,ROM,45,18,3,0,1,0,361.34 USD
2025-07-17 20:00:00,TLV,BER,45,20,3,0,1,0,358.53 USD
2025-07-17 23:00:00,TLV,BCN,45,23,3,0,1,0,358.13 USD
2025-07-18 01:00:00,TLV,BKK,44,1,4,0,1,0,344.71 USD
2025-07-18 02:00:00,TLV,BKK,44,2,4,0,1,0,340.56 USD
2025-07-18 11:00:00,TLV,BKK,44,11,4,0,1,0,354.09 USD
2025-07-18 15:00:00,TLV,LON,44,15,4,0,1,0,362.38 USD
2025-07-18 21:00:00,TLV,AMS,44,21,4,0,1,0,361.08 USD
2025-07-19 02:00:00,TLV,DXB,43,2,5,1,1,0,373.78 USD
2025-07-19 02:00:00,TLV,ATH,43,2,5,1,1,0,383.72 USD
2025-07-19 03:00:00,TLV,PAR,43,3,5,1,1,0,376.4 USD
2025-07-19 08:00:00,TLV,LON,43,8,5,1,1,0,390.63 USD
2025-07-19 14:00:00,TLV,ROM,43,14,5,1,1,0,383.29 USD
2025-07-19 16:00:00,TLV,PAR,43,16,5,1,1,0,394.94 USD
2025-07-19 17:00:00,TLV,BCN,43,17,5,1,1,0,384.03 USD
2025-07-19 17:00:00,TLV,ATH,43,17,5,1,1,0,401.65 USD
2025-07-19 19:00:00,TLV,AMS,43,19,5,1,1,0,404.2 USD
2025-07-19 20:00:00,TLV,AMS,43,20,5,1,1,0,390.85 USD
2025-07-19 23:00:00,TLV,BER,43,23,5,1,1,0,396.54 USD
2025-07-20 05:00:00,TLV,PAR,42,5,6,1,1,0,375.4 USD
2025-07-20 06:00:00,TLV,LON,42,6,6,1,1,0,376.27 USD
2025-07-20 06:00:00,TLV,ROM,42,6,6,1,1,0,377.65 USD
2025-07-20 12:00:00,TLV,ROM,42,12,6,1,1,0,382.65 USD
2025-07-20 13:00:00,TLV,AMS,42,13,6,1,1,0,386.42 USD
2025-07-20 14:00:00,TLV,NYC,42,14,6,1,1,0,371.47 USD
2025-07-20 16:00:00,TLV,ROM,42,16,6,1,1,0,387.36 USD
2025-07-20 22:00:00,TLV,LON,42,22,6,1,1,0,403.95 USD
2025-07-21 02:00:00,TLV,LON,41,2,0,0,1,0,345.28 USD
2025-07-21 12:00:00,TLV,LON,41,12,0,0,1,0,388.54 USD
2025-07-21 12:00:00,TLV,LON,41,12,0,0,1,0,364.0 USD
2025-07-21 13:00:00,TLV,DXB,41,13,0,0,1,0,370.44 USD
2025-07-21 15:00:00,TLV,AMS,41,15,0,0,1,0,343.56 USD
2025-07-21 17:00:00,TLV,AMS,41,17,0,0,1,0,350.56 USD
2025-07-21 18:00:00,TLV,ATH,41,18,0,0,1,0,387.23 USD
2025-07-21 23:00:00,TLV,ATH,41,23,0,0,1,0,372.59 USD
2025-07-22 06:00:00,TLV,AMS,40,6,1,0,1,0,361.45 USD
2025-07-22 06:00:00,TLV,BKK,40,6,1,0,1,0,384.23 USD
2025-07-22 07:00:00,TLV,ROM,40,7,1,0,1,0,378.18 USD
2025-07-22 08:00:00,TLV,ROM,40,8,1,0,1,0,368.87 USD
2025-07-22 09:00:00,TLV,AMS,40,9,1,0,1,0,394.58 USD
2025-07-22 12:00:00,TLV,ATH,40,12,1,0,1,0,365.19 USD
2025-07-22 18:00:00,TLV,BCN,40,18,1,0,1,0,369.26 USD
2025-07-22 20:00:00,TLV,LON,40,20,1,0,1,0,354.14 USD
2025-07-22 20:00:00,TLV,BER,40,20,1,0,1,0,388.76 USD
2025-07-22 23:00:00,TLV,BKK,40,23,1,0,1,0,338.02 USD
2025-07-23 03:00:00,TLV,BKK,39,3,2,0,1,0,360.93 USD
2025-07-23 07:00:00,TLV,DXB,39,7,2,0,1,0,376.42 USD
2025-07-23 08:00:00,TLV,NYC,39,8,2,0,1,0,373.61 USD
2025-07-23 09:00:00,TLV,ATH,39,9,2,0,1,0,370.32 USD
2025-07-23 09:00:00,TLV,PAR,39,9,2,0,1,0,393.28 USD
2025-07-23 13:00:00,TLV,NYC,39,13,2,0,1,0,369.12 USD
2025-07-23 14:00:00,TLV,ROM,39,14,2,0,1,0,352.07 USD
2025-07-23 14:00:00,TLV,ROM,39,14,2,0,1,0,367.69 USD
2025-07-23 16:00:00,TLV,ATH,39,16,2,0,1,0,371.14 USD
2025-07-23 16:00:00,TLV,BKK,39,16,2,0,1,0,365.14 USD
2025-07-23 20:00:00,TLV,LON,39,20,2,0,1,0,348.73 USD
2025-07-24 01:00:00,TLV,AMS,38,1,3,0,1,0,345.23 USD
2025-07-24 01:00:00,TLV,PAR,38,1,3,0,1,0,371.83 USD
2025-07-24 03:00:00,TLV,AMS,38,3,3,0,1,0,356.33 USD
2025-07-24 05:00:00,TLV,AMS,38,5,3,0,1,0,350.98 USD
2025-07-24 05:00:00,TLV,LON,38,5,3,0,1,0,358.18 USD
2025-07-24 07:00:00,TLV,BKK,38,7,3,0,1,0,377.04 USD
2025-07-24 10:00:00,TLV,AMS,38,10,3,0,1,0,374.42 USD
2025-07-24 13:00:00,TLV,ATH,38,13,3,0,1,0,365.58 USD
2025-07-24 17:00:00,TLV,DXB,38,17,3,0,1,0,362.9 USD
2025-07-25 07:00:00,TLV,BCN,37,7,4,0,1,0,394.08 USD
2025-07-25 09:00:00,TLV,ATH,37,9,4,0,1,0,393.04 USD
2025-07-25 11:00:00,TLV,ATH,37,11,4,0,1,0,365.16 USD
2025-07-25 12:00:00,TLV,LON,37,12,4,0,1,0,358.41 USD
2025-07-25 13:00:00,TLV,PAR,37,13,4,0,1,0,380.33 USD
2025-07-25 19:00:00,TLV,PAR,37,19,4,0,1,0,358.87 USD
2025-07-25 22:00:00,TLV,DXB,37,22,4,0,1,0,361.18 USD
2025-07-25 22:00:00,TLV,ROM,37,22,4,0,1,0,374.7 USD
2025-07-26 00:00:00,TLV,AMS,37,0,5,1,1,0,371.14 USD
2025-07-26 00:00:00,TLV,ROM,37,0,5,1,1,0,363.33 USD
2025-07-26 04:00:00,TLV,NYC,36,4,5,1,1,0,386.72 USD
2025-07-26 08:00:00,TLV,NYC,36,8,5,1,1,0,424.14 USD
2025-07-26 08:00:00,TLV,ATH,36,8,5,1,1,0,408.09 USD
2025-07-26 12:00:00,TLV,BKK,36,12,5,1,1,0,391.04 USD
2025-07-26 12:00:00,TLV,ROM,36,12,5,1,1,0,357.5 USD
2025-07-26 13:00:00,TLV,PAR,36,13,5,1,1,0,382.45 USD
2025-07-26 13:00:00,TLV,BCN,36,13,5,1,1,0,385.36 USD
2025-07-26 14:00:00,TLV,PAR,36,14,5,1,1,0,383.81 USD
2025-07-26 16:00:00,TLV,DXB,36,16,5,1,1,0,380.36 USD
2025-07-26 17:00:00,TLV,BCN,36,17,5,1,1,0,421.47 USD
2025-07-26 19:00:00,TLV,ROM,36,19,5,1,1,0,379.56 USD
2025-07-26 20:00:00,TLV,AMS,36,20,5,1,1,0,404.28 USD
2025-07-26 21:00:00,TLV,PAR,36,21,5,1,1,0,382.34 USD
2025-07-26 21:00:00,TLV,ATH,36,21,5,1,1,0,378.15 USD
2025-07-27 01:00:00,TLV,PAR,35,1,6,1,1,0,386.01 USD
2025-07-27 05:00:00,TLV,NYC,35,5,6,1,1,0,372.29 USD
2025-07-27 05:00:00,TLV,NYC,35,5,6,1,1,0,374.24 USD
2025-07-27 06:00:00,TLV,BER,35,6,6,1,1,0,400.09 USD
2025-07-27 09:00:00,TLV,PAR,35,9,6,1,1,0,419.48 USD
2025-07-27 10:00:00,TLV,AMS,35,10,6,1,1,0,404.07 USD
2025-07-27 16:00:00,TLV,AMS,35,16,6,1,1,0,374.39 USD
2025-07-27 16:00:00,TLV,BCN,35,16,6,1,1,0,380.52 USD
2025-07-27 18:00:00,TLV,PAR,35,18,6,1,1,0,392.24 USD
2025-07-27 20:00:00,TLV,ATH,35,20,6,1,1,0,399.26 USD
2025-07-28 06:00:00,TLV,BKK,34,6,0,0,1,0,344.69 USD
2025-07-28 06:00:00,TLV,ATH,34,6,0,0,1,0,361.78 USD
2025-07-28 10:00:00,TLV,AMS,34,10,0,0,1,0,364.37 USD
2025-07-28 15:00:00,TLV,DXB,34,15,0,0,1,0,369.92 USD
2025-07-28 16:00:00,TLV,BCN,34,16,0,0,1,0,372.86 USD
2025-07-28 18:00:00,TLV,PAR,34,18,0,0,1,0,360.9 USD
2025-07-28 20:00:00,TLV,BKK,34,20,0,0,1,0,370.12 USD
2025-07-28 22:00:00,TLV,DXB,34,22,0,0,1,0,372.79 USD
2025-07-29 02:00:00,TLV,BCN,33,2,1,0,1,0,358.76 USD
2025-07-29 03:00:00,TLV,BCN,33,3,1,0,1,0,354.04 USD
2025-07-29 04:00:00,TLV,LON,33,4,1,0,1,0,368.43 USD
2025-07-29 06:00:00,TLV,NYC,33,6,1,0,1,0,375.97 USD
2025-07-29 07:00:00,TLV,PAR,33,7,1,0,1,0,372.65 USD
2025-07-29 07:00:00,TLV,NYC,33,7,1,0,1,0,377.49 USD
2025-07-29 08:00:00,TLV,AMS,33,8,1,0,1,0,377.22 USD
2025-07-29 10:00:00,TLV,ROM,33,10,1,0,1,0,399.02 USD
2025-07-29 13:00:00,TLV,PAR,33,13,1,0,1,0,354.86 USD
2025-07-29 17:00:00,TLV,PAR,33,17,1,0,1,0,381.44 USD
2025-07-29 18:00:00,TLV,LON,33,18,1,0,1,0,363.79 USD
2025-07-29 22:00:00,TLV,PAR,33,22,1,0,1,0,377.9 USD
2025-07-30 02:00:00,TLV,NYC,32,2,2,0,1,0,346.16 USD
2025-07-30 02:00:00,TLV,NYC,32,2,2,0,1,0,347.74 USD
2025-07-30 03:00:00,TLV,BCN,32,3,2,0,1,0,352.61 USD
2025-07-30 05:00:00,TLV,NYC,32,5,2,0,1,0,375.46 USD
2025-07-30 18:00:00,TLV,NYC,32,18,2,0,1,0,386.15 USD
2025-07-30 21:00:00,TLV,BKK,32,21,2,0,1,0,368.61 USD
2025-07-31 01:00:00,TLV,NYC,31,1,3,0,1,0,379.47 USD
2025-07-31 04:00:00,TLV,ROM,31,4,3,0,1,0,361.41 USD
2025-07-31 09:00:00,TLV,BKK,31,9,3,0,1,0,355.53 USD
2025-07-31 09:00:00,TLV,PAR,31,9,3,0,1,0,386.22 USD
2025-07-31 12:00:00,TLV,BER,31,12,3,0,1,0,363.85 USD
2025-07-31 14:00:00,TLV,BER,31,14,3,0,1,0,367.9 USD
2025-07-31 16:00:00,TLV,BER,31,16,3,0,1,0,364.71 USD
2025-07-31 17:00:00,TLV,DXB,31,17,3,0,1,0,376.17 USD
2025-07-31 20:00:00,TLV,ATH,31,20,3,0,1,0,373.77 USD
2025-08-01 01:00:00,TLV,ROM,30,1,4,0,1,0,359.76 USD
2025-08-01 01:00:00,TLV,ATH,30,1,4,0,1,0,368.41 USD
2025-08-01 03:00:00,TLV,NYC,30,3,4,0,1,0,374.2 USD
2025-08-01 05:00:00,TLV,BER,30,5,4,0,1,0,363.45 USD
2025-08-01 06:00:00,TLV,ROM,30,6,4,0,1,0,373.5 USD
2025-08-01 08:00:00,TLV,ROM,30,8,4,0,1,0,404.95 USD
2025-08-01 11:00:00,TLV,PAR,30,11,4,0,1,0,377.09 USD
2025-08-01 15:00:00,TLV,BER,30,15,4,0,1,0,366.21 USD
2025-08-01 18:00:00,TLV,BCN,30,18,4,0,1,0,374.85 USD
2025-08-01 19:00:00,TLV,LON,30,19,4,0,1,0,389.92 USD
2025-08-01 20:00:00,TLV,DXB,30,20,4,0,1,0,407.24 USD
2025-08-01 21:00:00,TLV,DXB,30,21,4,0,1,0,392.69 USD
2025-08-01 22:00:00,TLV,AMS,30,22,4,0,1,0,398.97 USD
2025-08-02 00:00:00,TLV,LON,30,0,5,1,1,0,384.37 USD
2025-08-02 02:00:00,TLV,AMS,29,2,5,1,1,0,396.58 USD
2025-08-02 09:00:00,TLV,DXB,29,9,5,1,1,0,417.74 USD
2025-08-02 10:00:00,TLV,BCN,29,10,5,1,1,0,423.48 USD
2025-08-02 23:00:00,TLV,ROM,29,23,5,1,1,0,382.81 USD
2025-08-03 03:00:00,TLV,NYC,28,3,6,1,1,0,385.22 USD
2025-08-03 03:00:00,TLV,LON,28,3,6,1,1,0,385.87 USD
2025-08-03 05:00:00,TLV,AMS,28,5,6,1,1,0,390.45 USD
2025-08-03 09:00:00,TLV,BER,28,9,6,1,1,0,408.54 USD
2025-08-03 12:00:00,TLV,NYC,28,12,6,1,1,0,392.27 USD
2025-08-03 12:00:00,TLV,ROM,28,12,6,1,1,0,385.59 USD
2025-08-03 13:00:00,TLV,PAR,28,13,6,1,1,0,366.63 USD
2025-08-03 14:00:00,TLV,PAR,28,14,6,1,1,0,411.4 USD
2025-08-03 16:00:00,TLV,BER,28,16,6,1,1,0,402.68 USD
2025-08-03 18:00:00,TLV,ATH,28,18,6,1,1,0,409.92 USD
2025-08-03 19:00:00,TLV,ATH,28,19,6,1,1,0,408.67 USD
2025-08-03 19:00:00,TLV,BCN,28,19,6,1,1,0,402.8 USD
2025-08-03 20:00:00,TLV,BCN,28,20,6,1,1,0,398.14 USD
2025-08-03 21:00:00,TLV,PAR,28,21,6,1,1,0,394.1 USD
2025-08-04 15:00:00,TLV,LON,27,15,0,0,1,0,393.49 USD
2025-08-04 17:00:00,TLV,BCN,27,17,0,0,1,0,378.82 USD
2025-08-05 00:00:00,TLV,BER,27,0,1,0,1,0,357.18 USD
2025-08-05 03:00:00,TLV,NYC,26,3,1,0,1,0,375.92 USD
2025-08-05 03:00:00,TLV,AMS,26,3,1,0,1,0,343.99 USD
2025-08-05 04:00:00,TLV,BKK,26,4,1,0,1,0,359.25 USD
2025-08-05 05:00:00,TLV,DXB,26,5,1,0,1,0,360.65 USD
2025-08-05 09:00:00,TLV,LON,26,9,1,0,1,0,402.21 USD
2025-08-05 15:00:00,TLV,DXB,26,15,1,0,1,0,375.3 USD
2025-08-05 23:00:00,TLV,DXB,26,23,1,0,1,0,381.8 USD
2025-08-06 00:00:00,TLV,AMS,26,0,2,0,1,0,346.68 USD
2025-08-06 05:00:00,TLV,BKK,25,5,2,0,1,0,373.4 USD
2025-08-06 06:00:00,TLV,NYC,25,6,2,0,1,0,379.82 USD
2025-08-06 13:00:00,TLV,ATH,25,13,2,0,1,0,387.16 USD
2025-08-06 17:00:00,TLV,AMS,25,17,2,0,1,0,384.81 USD
2025-08-06 18:00:00,TLV,NYC,25,18,2,0,1,0,388.32 USD
2025-08-06 23:00:00,TLV,AMS,25,23,2,0,1,0,371.84 USD
2025-08-06 23:00:00,TLV,PAR,25,23,2,0,1,0,367.53 USD
2025-08-06 23:00:00,TLV,PAR,25,23,2,0,1,0,378.98 USD
2025-08-07 03:00:00,TLV,LON,24,3,3,0,1,0,349.0 USD
2025-08-07 06:00:00,TLV,BER,24,6,3,0,1,0,390.85 USD
2025-08-07 10:00:00,TLV,AMS,24,10,3,0,1,0,413.22 USD
2025-08-07 15:00:00,TLV,PAR,24,15,3,0,1,0,382.65 USD
2025-08-07 16:00:00,TLV,PAR,24,16,3,0,1,0,371.38 USD
2025-08-07 18:00:00,TLV,AMS,24,18,3,0,1,0,389.14 USD
2025-08-07 21:00:00,TLV,BKK,24,21,3,0,1,0,364.15 USD
2025-08-07 23:00:00,TLV,NYC,24,23,3,0,1,0,374.64 USD
2025-08-08 00:00:00,TLV,DXB,24,0,4,0,1,0,365.8 USD
2025-08-08 02:00:00,TLV,BER,23,2,4,0,1,0,358.85 USD
2025-08-08 03:00:00,TLV,ATH,23,3,4,0,1,0,359.09 USD
2025-08-08 04:00:00,TLV,AMS,23,4,4,0,1,0,354.56 USD
2025-08-08 12:00:00,TLV,PAR,23,12,4,0,1,0,383.94 USD
2025-08-08 16:00:00,TLV,BCN,23,16,4,0,1,0,376.54 USD
2025-08-08 18:00:00,TLV,BCN,23,18,4,0,1,0,402.15 USD
2025-08-08 18:00:00,TLV,DXB,23,18,4,0,1,0,390.82 USD
2025-08-08 19:00:00,TLV,ROM,23,19,4,0,1,0,396.04 USD
2025-08-08 22:00:00,TLV,LON,23,22,4,0,1,0,384.03 USD
2025-08-09 01:00:00,TLV,ATH,22,1,5,1,1,0,380.85 USD
2025-08-09 04:00:00,TLV,BER,22,4,5,1,1,0,398.79 USD
2025-08-09 07:00:00,TLV,AMS,22,7,5,1,1,0,412.81 USD
2025-08-09 08:00:00,TLV,LON,22,8,5,1,1,0,428.13 USD
2025-08-09 09:00:00,TLV,NYC,22,9,5,1,1,0,420.99 USD
2025-08-09 10:00:00,TLV,LON,22,10,5,1,1,0,404.46 USD
2025-08-09 10:00:00,TLV,AMS,22,10,5,1,1,0,438.05 USD
2025-08-09 20:00:00,TLV,ROM,22,20,5,1,1,0,438.73 USD
2025-08-09 23:00:00,TLV,AMS,22,23,5,1,1,0,410.89 USD
2025-08-10 05:00:00,TLV,PAR,21,5,6,1,1,0,376.88 USD
2025-08-10 06:00:00,TLV,BER,21,6,6,1,1,0,391.3 USD
2025-08-10 06:00:00,TLV,BER,21,6,6,1,1,0,384.58 USD
2025-08-10 12:00:00,TLV,ROM,21,12,6,1,1,0,393.09 USD
2025-08-10 18:00:00,TLV,BER,21,18,6,1,1,0,402.88 USD
2025-08-10 19:00:00,TLV,AMS,21,19,6,1,1,0,414.03 USD
2025-08-10 20:00:00,TLV,AMS,21,20,6,1,1,0,409.41 USD
2025-08-10 22:00:00,TLV,DXB,21,22,6,1,1,0,414.61 USD
2025-08-11 02:00:00,TLV,BCN,20,2,0,0,1,0,362.75 USD
2025-08-11 07:00:00,TLV,LON,20,7,0,0,1,0,394.12 USD
2025-08-12 00:00:00,TLV,PAR,20,0,1,0,1,0,389.57 USD
2025-08-12 03:00:00,TLV,DXB,19,3,1,0,1,0,367.35 USD
2025-08-12 05:00:00,TLV,BCN,19,5,1,0,1,0,374.48 USD
2025-08-12 07:00:00,TLV,DXB,19,7,1,0,1,0,382.13 USD
2025-08-12 10:00:00,TLV,PAR,19,10,1,0,1,0,391.22 USD
2025-08-12 10:00:00,TLV,BKK,19,10,1,0,1,0,413.02 USD
2025-08-12 11:00:00,TLV,ROM,19,11,1,0,1,0,393.77 USD
2025-08-12 13:00:00,TLV,NYC,19,13,1,0,1,0,376.09 USD
2025-08-12 14:00:00,TLV,ATH,19,14,1,0,1,0,369.78 USD
2025-08-12 20:00:00,TLV,LON,19,20,1,0,1,0,409.68 USD
2025-08-12 23:00:00,TLV,DXB,19,23,1,0,1,0,383.06 USD
2025-08-13 12:00:00,TLV,LON,18,12,2,0,1,0,393.28 USD
2025-08-13 20:00:00,TLV,BCN,18,20,2,0,1,0,382.06 USD
2025-08-14 00:00:00,TLV,PAR,18,0,3,0,1,0,374.12 USD
2025-08-14 02:00:00,TLV,BCN,17,2,3,0,1,0,397.18 USD
2025-08-14 06:00:00,TLV,ATH,17,6,3,0,1,0,362.22 USD
2025-08-14 11:00:00,TLV,BKK,17,11,3,0,1,0,377.47 USD
2025-08-14 12:00:00,TLV,ATH,17,12,3,0,1,0,391.81 USD
2025-08-14 14:00:00,TLV,BKK,17,14,3,0,1,0,384.59 USD
2025-08-14 23:00:00,TLV,BER,17,23,3,0,1,0,368.22 USD
2025-08-15 01:00:00,TLV,BKK,16,1,4,0,1,0,385.31 USD
2025-08-15 08:00:00,TLV,LON,16,8,4,0,1,0,411.42 USD
2025-08-15 11:00:00,TLV,DXB,16,11,4,0,1,0,377.03 USD
2025-08-15 12:00:00,TLV,ATH,16,12,4,0,1,0,357.36 USD
2025-08-15 13:00:00,TLV,BKK,16,13,4,0,1,0,380.63 USD
2025-08-15 16:00:00,TLV,ROM,16,16,4,0,1,0,387.58 USD
2025-08-15 18:00:00,TLV,NYC,16,18,4,0,1,0,384.92 USD
2025-08-16 07:00:00,TLV,DXB,15,7,5,1,1,0,403.0 USD
2025-08-16 16:00:00,TLV,BER,15,16,5,1,1,0,422.0 USD
2025-08-16 17:00:00,TLV,LON,15,17,5,1,1,0,422.84 USD
2025-08-16 23:00:00,TLV,BKK,15,23,5,1,1,0,384.19 USD
2025-08-17 02:00:00,TLV,BER,14,2,6,1,1,0,393.29 USD
2025-08-17 03:00:00,TLV,NYC,14,3,6,1,1,0,412.19 USD
2025-08-17 05:00:00,TLV,PAR,14,5,6,1,1,0,392.93 USD
2025-08-17 09:00:00,TLV,ATH,14,9,6,1,1,0,440.77 USD
2025-08-17 12:00:00,TLV,LON,14,12,6,1,1,0,403.29 USD
2025-08-17 14:00:00,TLV,AMS,14,14,6,1,1,0,404.11 USD
2025-08-17 21:00:00,TLV,BKK,14,21,6,1,1,0,424.11 USD
2025-08-17 23:00:00,TLV,ROM,14,23,6,1,1,0,393.7 USD
2025-08-18 03:00:00,TLV,ROM,13,3,0,0,1,0,372.27 USD
2025-08-18 06:00:00,TLV,ROM,13,6,0,0,1,0,382.67 USD
2025-08-18 07:00:00,TLV,BKK,13,7,0,0,1,0,382.64 USD
2025-08-18 09:00:00,TLV,BKK,13,9,0,0,1,0,420.18 USD
2025-08-18 09:00:00,TLV,NYC,13,9,0,0,1,0,387.78 USD
2025-08-18 14:00:00,TLV,LON,13,14,0,0,1,0,407.42 USD
2025-08-18 15:00:00,TLV,LON,13,15,0,0,1,0,396.44 USD
2025-08-18 16:00:00,TLV,DXB,13,16,0,0,1,0,385.52 USD
2025-08-18 16:00:00,TLV,BER,13,16,0,0,1,0,400.88 USD
2025-08-18 21:00:00,TLV,NYC,13,21,0,0,1,0,382.42 USD
2025-08-18 23:00:00,TLV,BER,13,23,0,0,1,0,388.51 USD
2025-08-19 01:00:00,TLV,BKK,12,1,1,0,1,0,364.04 USD
2025-08-19 06:00:00,TLV,PAR,12,6,1,0,1,0,368.34 USD
2025-08-19 06:00:00,TLV,BCN,12,6,1,0,1,0,353.41 USD
2025-08-19 10:00:00,TLV,AMS,12,10,1,0,1,0,384.77 USD
2025-08-19 13:00:00,TLV,AMS,12,13,1,0,1,0,368.76 USD
2025-08-19 15:00:00,TLV,BCN,12,15,1,0,1,0,400.65 USD
2025-08-19 18:00:00,TLV,BCN,12,18,1,0,1,0,401.54 USD
2025-08-19 19:00:00,TLV,BCN,12,19,1,0,1,0,385.22 USD
2025-08-19 21:00:00,TLV,DXB,12,21,1,0,1,0,391.31 USD
2025-08-20 01:00:00,TLV,BKK,11,1,2,0,1,0,352.23 USD
2025-08-20 01:00:00,TLV,BER,11,1,2,0,1,0,372.21 USD
2025-08-20 04:00:00,TLV,LON,11,4,2,0,1,0,374.93 USD
2025-08-20 10:00:00,TLV,ATH,11,10,2,0,1,0,386.73 USD
2025-08-20 12:00:00,TLV,PAR,11,12,2,0,1,0,390.27 USD
2025-08-20 13:00:00,TLV,DXB,11,13,2,0,1,0,373.97 USD
2025-08-20 20:00:00,TLV,LON,11,20,2,0,1,0,392.03 USD
2025-08-21 01:00:00,TLV,LON,10,1,3,0,1,0,380.88 USD
2025-08-21 05:00:00,TLV,DXB,10,5,3,0,1,0,377.15 USD
2025-08-21 06:00:00,TLV,BKK,10,6,3,0,1,0,374.85 USD
2025-08-21 08:00:00,TLV,ATH,10,8,3,0,1,0,400.76 USD
2025-08-21 11:00:00,TLV,BCN,10,11,3,0,1,0,385.51 USD
2025-08-21 12:00:00,TLV,PAR,10,12,3,0,1,0,371.86 USD
2025-08-21 13:00:00,TLV,PAR,10,13,3,0,1,0,396.04 USD
2025-08-21 14:00:00,TLV,DXB,10,14,3,0,1,0,380.56 USD
2025-08-21 23:00:00,TLV,PAR,10,23,3,0,1,0,380.62 USD
2025-08-22 10:00:00,TLV,ATH,9,10,4,0,1,0,399.12 USD
2025-08-22 10:00:00,TLV,AMS,9,10,4,0,1,0,385.56 USD
2025-08-22 17:00:00,TLV,AMS,9,17,4,0,1,0,426.05 USD
2025-08-23 02:00:00,TLV,BER,8,2,5,1,1,0,406.22 USD
2025-08-23 03:00:00,TLV,LON,8,3,5,1,1,0,397.89 USD
2025-08-23 03:00:00,TLV,AMS,8,3,5,1,1,0,398.02 USD
2025-08-23 05:00:00,TLV,ATH,8,5,5,1,1,0,421.56 USD
2025-08-23 07:00:00,TLV,BCN,8,7,5,1,1,0,422.7 USD
2025-08-23 11:00:00,TLV,BKK,8,11,5,1,1,0,417.08 USD
2025-08-23 12:00:00,TLV,DXB,8,12,5,1,1,0,413.47 USD
2025-08-23 13:00:00,TLV,AMS,8,13,5,1,1,0,403.09 USD
2025-08-23 16:00:00,TLV,PAR,8,16,5,1,1,0,414.81 USD
2025-08-23 16:00:00,TLV,ATH,8,16,5,1,1,0,429.01 USD
2025-08-23 19:00:00,TLV,AMS,8,19,5,1,1,0,412.11 USD
2025-08-23 20:00:00,TLV,PAR,8,20,5,1,1,0,401.86 USD
2025-08-23 20:00:00,TLV,PAR,8,20,5,1,1,0,411.3 USD
2025-08-24 02:00:00,TLV,ATH,7,2,6,1,1,0,403.67 USD
2025-08-24 03:00:00,TLV,AMS,7,3,6,1,1,0,394.97 USD
2025-08-24 04:00:00,TLV,BER,7,4,6,1,1,0,420.78 USD
2025-08-24 05:00:00,TLV,BER,7,5,6,1,1,0,376.02 USD
2025-08-24 06:00:00,TLV,DXB,7,6,6,1,1,0,385.72 USD
2025-08-24 07:00:00,TLV,ROM,7,7,6,1,1,0,410.6 USD
2025-08-24 08:00:00,TLV,DXB,7,8,6,1,1,0,410.99 USD
2025-08-24 10:00:00,TLV,AMS,7,10,6,1,1,0,436.61 USD
2025-08-24 14:00:00,TLV,ATH,7,14,6,1,1,0,428.04 USD
2025-08-24 15:00:00,TLV,BER,7,15,6,1,1,0,417.3 USD
2025-08-24 18:00:00,TLV,NYC,7,18,6,1,1,0,408.47 USD
2025-08-24 18:00:00,TLV,BKK,7,18,6,1,1,0,404.59 USD
2025-08-24 18:00:00,TLV,ROM,7,18,6,1,1,0,426.85 USD
2025-08-24 22:00:00,TLV,AMS,7,22,6,1,1,0,406.88 USD
2025-08-24 22:00:00,TLV,BCN,7,22,6,1,1,0,419.03 USD
2025-08-25 04:00:00,TLV,LON,6,4,0,0,1,0,374.89 USD
2025-08-25 06:00:00,TLV,LON,6,6,0,0,1,0,377.74 USD
2025-08-25 06:00:00,TLV,BKK,6,6,0,0,1,0,396.2 USD
2025-08-25 12:00:00,TLV,ROM,6,12,0,0,1,0,380.1 USD
2025-08-25 15:00:00,TLV,PAR,6,15,0,0,1,0,370.64 USD
2025-08-25 18:00:00,TLV,LON,6,18,0,0,1,0,412.36 USD
2025-08-25 19:00:00,TLV,AMS,6,19,0,0,1,0,404.05 USD
2025-08-25 23:00:00,TLV,ATH,6,23,0,0,1,0,375.19 USD
2025-08-26 01:00:00,TLV,BER,5,1,1,0,1,0,370.66 USD
2025-08-26 02:00:00,TLV,LON,5,2,1,0,1,0,379.46 USD
2025-08-26 03:00:00,TLV,DXB,5,3,1,0,1,0,398.44 USD
2025-08-26 09:00:00,TLV,BER,5,9,1,0,1,0,403.97 USD
2025-08-26 09:00:00,TLV,BER,5,9,1,0,1,0,404.07 USD
2025-08-26 10:00:00,TLV,BCN,5,10,1,0,1,0,416.49 USD
2025-08-26 12:00:00,TLV,LON,5,12,1,0,1,0,375.94 USD
2025-08-26 15:00:00,TLV,ROM,5,15,1,0,1,0,401.04 USD
2025-08-26 17:00:00,TLV,BER,5,17,1,0,1,0,394.85 USD
2025-08-26 21:00:00,TLV,ATH,5,21,1,0,1,0,404.95 USD
2025-08-26 21:00:00,TLV,ROM,5,21,1,0,1,0,406.98 USD
2025-08-26 23:00:00,TLV,BER,5,23,1,0,1,0,384.48 USD
2025-08-27 02:00:00,TLV,BKK,4,2,2,0,1,0,383.0 USD
2025-08-27 03:00:00,TLV,BKK,4,3,2,0,1,0,387.09 USD
2025-08-27 06:00:00,TLV,DXB,4,6,2,0,1,0,387.16 USD
2025-08-27 06:00:00,TLV,ROM,4,6,2,0,1,0,390.99 USD
2025-08-27 08:00:00,TLV,BCN,4,8,2,0,1,0,407.01 USD
2025-08-27 12:00:00,TLV,ATH,4,12,2,0,1,0,408.45 USD
2025-08-27 18:00:00,TLV,BER,4,18,2,0,1,0,407.78 USD
2025-08-27 23:00:00,TLV,ATH,4,23,2,0,1,0,390.99 USD
2025-08-28 01:00:00,TLV,AMS,3,1,3,0,1,0,382.0 USD
2025-08-28 01:00:00,TLV,BKK,3,1,3,0,1,0,380.4 USD
2025-08-28 02:00:00,TLV,PAR,3,2,3,0,1,0,404.12 USD
2025-08-28 03:00:00,TLV,AMS,3,3,3,0,1,0,393.98 USD
2025-08-28 08:00:00,TLV,AMS,3,8,3,0,1,0,406.9 USD
2025-08-28 10:00:00,TLV,BKK,3,10,3,0,1,0,414.75 USD
2025-08-28 14:00:00,TLV,AMS,3,14,3,0,1,0,405.38 USD
2025-08-28 18:00:00,TLV,NYC,3,18,3,0,1,0,414.91 USD
2025-08-28 19:00:00,TLV,ROM,3,19,3,0,1,0,408.58 USD
2025-08-29 01:00:00,TLV,PAR,2,1,4,0,1,0,383.44 USD
2025-08-29 07:00:00,TLV,ROM,2,7,4,0,1,0,401.71 USD
2025-08-29 13:00:00,TLV,BCN,2,13,4,0,1,0,412.7 USD
2025-08-29 15:00:00,TLV,ROM,2,15,4,0,1,0,397.33 USD
2025-08-29 17:00:00,TLV,ROM,2,17,4,0,1,0,412.82 USD
2025-08-29 20:00:00,TLV,BKK,2,20,4,0,1,0,405.57 USD
2025-08-30 04:00:00,TLV,PAR,1,4,5,1,1,0,416.05 USD
2025-08-30 05:00:00,TLV,BKK,1,5,5,1,1,0,414.78 USD
2025-08-30 06:00:00,TLV,ATH,1,6,5,1,1,0,420.33 USD
2025-08-30 09:00:00,TLV,BER,1,9,5,1,1,0,399.51 USD
2025-08-30 10:00:00,TLV,DXB,1,10,5,1,1,0,438.07 USD
2025-08-30 13:00:00,TLV,DXB,1,13,5,1,1,0,422.62 USD
2025-08-30 14:00:00,TLV,BCN,1,14,5,1,1,0,419.14 USD
2025-08-30 17:00:00,TLV,BKK,1,17,5,1,1,0,406.34 USD
2025-08-30 17:00:00,TLV,ROM,1,17,5,1,1,0,435.99 USD
